abootimg	0.6-1build1	amd64
accountsservice	22.07.5-2ubuntu1.6	amd64
acl	2.3.1-1	amd64
acpi-support	0.144	amd64
acpid	1:2.0.33-1ubuntu1	amd64
adduser	3.118ubuntu5	all
adwaita-icon-theme	41.0-1ubuntu1	all
aisleriot	1:3.22.22-1	amd64
alsa-base	1.0.25+dfsg-0ubuntu7	all
alsa-topology-conf	1.2.5.1-2	all
alsa-ucm-conf	1.2.6.3-1ubuntu1.12	all
alsa-utils	1.2.6-1ubuntu1	amd64
amd64-microcode	3.20191218.1ubuntu2.3	amd64
anacron	2.3-31ubuntu2	amd64
apg	2.2.3.dfsg.1-5build2	amd64
apparmor	3.0.4-2ubuntu2.5	amd64
apport	2.20.11-0ubuntu82.10	all
apport-gtk	2.20.11-0ubuntu82.10	all
apport-symptoms	0.24	all
appstream	0.15.2-2	amd64
apt	2.4.14	amd64
apt-config-icons	0.15.2-2	all
apt-config-icons-hidpi	0.15.2-2	all
apt-transport-https	2.4.14	all
apt-utils	2.4.14	amd64
aptdaemon	1.1.1+bzr982-0ubuntu39	all
aptdaemon-data	1.1.1+bzr982-0ubuntu39	all
apturl	0.5.2ubuntu22	amd64
apturl-common	0.5.2ubuntu22	amd64
aspell	0.60.8-4build1	amd64
aspell-en	2018.04.16-0-1	all
at-spi2-core	2.44.0-3	amd64
autoconf	2.71-2	all
automake	1:1.16.5-1.3	all
autotools-dev	20220109.1	all
avahi-autoipd	0.8-5ubuntu5.5	amd64
avahi-daemon	0.8-5ubuntu5.5	amd64
avahi-utils	0.8-5ubuntu5.5	amd64
baobab	41.0-2	amd64
base-files	12ubuntu4.7	amd64
base-passwd	3.5.52build1	amd64
bash	5.1-6ubuntu1.1	amd64
bash-completion	1:2.11-5ubuntu1	all
bc	1.07.1-3build1	amd64
bind9-dnsutils	1:9.18.39-0ubuntu0.22.04.6	amd64
bind9-host	1:9.18.39-0ubuntu0.22.04.6	amd64
bind9-libs	1:9.18.39-0ubuntu0.22.04.6	amd64
binfmt-support	2.2.1-2	amd64
binutils	2.38-4ubuntu2.12	amd64
binutils-common	2.38-4ubuntu2.12	amd64
binutils-x86-64-linux-gnu	2.38-4ubuntu2.12	amd64
blt	2.5.3+dfsg-4.1build2	amd64
bluez	5.64-0ubuntu1.4	amd64
bluez-cups	5.64-0ubuntu1.4	amd64
bluez-obexd	5.64-0ubuntu1.4	amd64
bolt	0.9.2-1	amd64
branding-ubuntu	0.10	all
brightness-udev	0.5.1-3	all
brightnessctl	0.5.1-3	amd64
brltty	6.4-4ubuntu3	amd64
brz	3.2.1+bzr7585-1build1	all
bsdextrautils	2.37.2-4ubuntu3.6	amd64
bsdutils	1:2.37.2-4ubuntu3.6	amd64
bubblewrap	0.6.1-1ubuntu0.1	amd64
build-essential	12.9ubuntu3	amd64
busybox-initramfs	1:1.30.1-7ubuntu3.1	amd64
busybox-static	1:1.30.1-7ubuntu3.1	amd64
bzip2	1.0.8-5ubuntu0.1	amd64
bzr	2.7.0+bzr6622+brz	all
ca-certificates	20260601~22.04.1	all
ca-certificates-java	20190909ubuntu1.3	all
can-utils	2020.11.0-1	amd64
catch2	2.13.8-1	amd64
cheese	41.1-1build1	amd64
cheese-common	41.1-1build1	all
clash-verge	2.5.2	amd64
cmake	3.22.1-1ubuntu1.22.04.2	amd64
cmake-data	3.22.1-1ubuntu1.22.04.2	all
colord	1.4.6-1	amd64
colord-data	1.4.6-1	all
command-not-found	22.04.0	all
console-setup	1.205ubuntu3	all
console-setup-linux	1.205ubuntu3	all
coreutils	8.32-4.1ubuntu1.4	amd64
cpio	2.13+dfsg-7ubuntu0.2	amd64
cpp	4:11.2.0-1ubuntu1	amd64
cpp-11	11.4.0-1ubuntu1~22.04.3	amd64
cppcheck	2.7-1	amd64
cracklib-runtime	2.9.6-3.4build4	amd64
cron	3.0pl1-137ubuntu3	amd64
cups	2.4.1op1-1ubuntu4.21	amd64
cups-browsed	1.28.15-0ubuntu1.5	amd64
cups-bsd	2.4.1op1-1ubuntu4.21	amd64
cups-client	2.4.1op1-1ubuntu4.21	amd64
cups-common	2.4.1op1-1ubuntu4.21	all
cups-core-drivers	2.4.1op1-1ubuntu4.21	amd64
cups-daemon	2.4.1op1-1ubuntu4.21	amd64
cups-filters	1.28.15-0ubuntu1.5	amd64
cups-filters-core-drivers	1.28.15-0ubuntu1.5	amd64
cups-ipp-utils	2.4.1op1-1ubuntu4.21	amd64
cups-pk-helper	0.2.6-1ubuntu5	amd64
cups-ppdc	2.4.1op1-1ubuntu4.21	amd64
cups-server-common	2.4.1op1-1ubuntu4.21	all
curl	7.81.0-1ubuntu1.27	amd64
dash	0.5.11+git20210903+057cd650a4ed-3build1	amd64
dbus	1.12.20-2ubuntu4.1	amd64
dbus-user-session	1.12.20-2ubuntu4.1	amd64
dc	1.07.1-3build1	amd64
dconf-cli	0.40.0-3ubuntu0.1	amd64
dconf-gsettings-backend	0.40.0-3ubuntu0.1	amd64
dconf-service	0.40.0-3ubuntu0.1	amd64
ddcutil	1.2.2-1	amd64
debconf	1.5.79ubuntu1	all
debconf-i18n	1.5.79ubuntu1	all
debianutils	5.5-1ubuntu2	amd64
default-jdk	2:1.11-72build2	amd64
default-jdk-headless	2:1.11-72build2	amd64
default-jre	2:1.11-72build2	amd64
default-jre-headless	2:1.11-72build2	amd64
default-libmysqlclient-dev	1.0.8	amd64
deja-dup	42.9-1ubuntu3	amd64
desktop-file-utils	0.26-1ubuntu3	amd64
device-tree-compiler	1.6.1-1	amd64
dh-elpa-helper	2.0.9ubuntu1	all
dictionaries-common	1.28.14	all
diffutils	1:3.8-0ubuntu2.1	amd64
dirmngr	2.2.27-3ubuntu2.5	amd64
distro-info	1.1ubuntu0.2	amd64
distro-info-data	0.72-0ubuntu0.22.04.1	all
dmidecode	3.3-3ubuntu0.2	amd64
dmsetup	2:1.02.175-2.1ubuntu5	amd64
dmz-cursor-theme	0.4.5ubuntu1	all
dns-root-data	2024071801~ubuntu0.22.04.1	all
dnsmasq-base	2.90-0ubuntu0.22.04.4	amd64
docbook-xml	4.5-11	all
docutils-common	0.17.1+dfsg-2	all
dosfstools	4.2-1build3	amd64
dpkg	1.21.1ubuntu2.6	amd64
dpkg-dev	1.21.1ubuntu2.6	all
duplicity	0.8.21-1build1	amd64
e2fsprogs	1.46.5-2ubuntu1.2	amd64
ed	1.18-1	amd64
efibootmgr	17-1ubuntu2	amd64
eject	2.37.2-4ubuntu3.6	amd64
emacsen-common	3.0.4	all
enchant-2	2.3.2-1ubuntu2	amd64
eog	42.0-1	amd64
espeak-ng-data	1.50+dfsg-10ubuntu0.1	amd64
ethtool	1:5.16-1ubuntu0.2	amd64
evince	42.3-0ubuntu3.2	amd64
evince-common	42.3-0ubuntu3.2	all
evolution-data-server	3.44.4-0ubuntu1.2	amd64
evolution-data-server-common	3.44.4-0ubuntu1.2	all
fakeroot	1.28-1ubuntu1	amd64
fdisk	2.37.2-4ubuntu3.6	amd64
ffmpeg	7:4.4.2-0ubuntu0.22.04.1	amd64
file	1:5.41-3ubuntu0.1	amd64
file-roller	3.42.0-1	amd64
findutils	4.8.0-1ubuntu3	amd64
firefox	1:1snap1-0ubuntu2	amd64
firmware-sof-signed	2.0-1ubuntu4.7	all
fontconfig	2.13.1-4.2ubuntu5	amd64
fontconfig-config	2.13.1-4.2ubuntu5	all
fonts-arphic-ukai	0.2.20080216.2-5	all
fonts-arphic-uming	0.2.20080216.2-10ubuntu2	all
fonts-beng	2:1.3	all
fonts-beng-extra	3.2.1-1	all
fonts-dejavu-core	2.37-2build1	all
fonts-dejavu-extra	2.37-2build1	all
fonts-deva	2:1.3	all
fonts-deva-extra	3.0-5	all
fonts-droid-fallback	1:6.0.1r16-1.1build1	all
fonts-freefont-ttf	20120503-10build1	all
fonts-gargi	2.0-5	all
fonts-gubbi	1.3-5build1	all
fonts-gujr	2:1.4	all
fonts-gujr-extra	1.0.1-1	all
fonts-guru	2:1.3	all
fonts-guru-extra	2.0-5	all
fonts-indic	2:1.4	all
fonts-kacst	2.01+mry-15	all
fonts-kacst-one	5.0+svn11846-10	all
fonts-kalapi	1.0-4	all
fonts-khmeros-core	5.0-9ubuntu1	all
fonts-knda	2:1.3	all
fonts-lao	0.0.20060226-10ubuntu2	all
fonts-liberation	1:1.07.4-11	all
fonts-liberation2	2.1.5-1	all
fonts-lklug-sinhala	0.6-4	all
fonts-lohit-beng-assamese	2.91.5-2	all
fonts-lohit-beng-bengali	2.91.5-2	all
fonts-lohit-deva	2.95.4-4	all
fonts-lohit-gujr	2.92.4-4	all
fonts-lohit-guru	2.91.2-2build1	all
fonts-lohit-knda	2.5.4-3	all
fonts-lohit-mlym	2.92.2-2	all
fonts-lohit-orya	2.91.2-2	all
fonts-lohit-taml	2.91.3-2	all
fonts-lohit-taml-classical	2.5.4-2	all
fonts-lohit-telu	2.5.5-2build1	all
fonts-lyx	2.3.6-1	all
fonts-mlym	2:1.3	all
fonts-nakula	1.0-4	all
fonts-navilu	1.2-3	all
fonts-noto-cjk	1:20220127+repack1-1	all
fonts-noto-color-emoji	2.047-0ubuntu0.22.04.1	all
fonts-noto-mono	20201225-1build1	all
fonts-opensymbol	2:102.12+LibO7.3.7-0ubuntu0.22.04.12	all
fonts-orya	2:1.3	all
fonts-orya-extra	2.0-6	all
fonts-pagul	1.0-8	all
fonts-sahadeva	1.0-5	all
fonts-samyak-deva	1.2.2-5build1	all
fonts-samyak-gujr	1.2.2-5build1	all
fonts-samyak-mlym	1.2.2-5build1	all
fonts-samyak-taml	1.2.2-5build1	all
fonts-sarai	1.0-3	all
fonts-sil-abyssinica	2.100-3	all
fonts-sil-padauk	5.000-3	all
fonts-smc	1:7.2	all
fonts-smc-anjalioldlipi	7.1.2-2	all
fonts-smc-chilanka	1.540-1	all
fonts-smc-dyuthi	3.0.2-2	all
fonts-smc-gayathri	1.110-2-1	all
fonts-smc-karumbi	1.1.2-2	all
fonts-smc-keraleeyam	3.0.2-2	all
fonts-smc-manjari	2.000-3	all
fonts-smc-meera	7.0.3-1	all
fonts-smc-rachana	7.0.2-1build1	all
fonts-smc-raghumalayalamsans	2.2.1-1	all
fonts-smc-suruma	3.2.3-1	all
fonts-smc-uroob	2.0.2-1	all
fonts-taml	2:1.4	all
fonts-telu	2:1.3	all
fonts-telu-extra	2.0-5	all
fonts-teluguvijayam	2.1-1	all
fonts-thai-tlwg	1:0.7.3-1	all
fonts-tibetan-machine	1.901b-6	all
fonts-tlwg-garuda	1:0.7.3-1	all
fonts-tlwg-garuda-ttf	1:0.7.3-1	all
fonts-tlwg-kinnari	1:0.7.3-1	all
fonts-tlwg-kinnari-ttf	1:0.7.3-1	all
fonts-tlwg-laksaman	1:0.7.3-1	all
fonts-tlwg-laksaman-ttf	1:0.7.3-1	all
fonts-tlwg-loma	1:0.7.3-1	all
fonts-tlwg-loma-ttf	1:0.7.3-1	all
fonts-tlwg-mono	1:0.7.3-1	all
fonts-tlwg-mono-ttf	1:0.7.3-1	all
fonts-tlwg-norasi	1:0.7.3-1	all
fonts-tlwg-norasi-ttf	1:0.7.3-1	all
fonts-tlwg-purisa	1:0.7.3-1	all
fonts-tlwg-purisa-ttf	1:0.7.3-1	all
fonts-tlwg-sawasdee	1:0.7.3-1	all
fonts-tlwg-sawasdee-ttf	1:0.7.3-1	all
fonts-tlwg-typewriter	1:0.7.3-1	all
fonts-tlwg-typewriter-ttf	1:0.7.3-1	all
fonts-tlwg-typist	1:0.7.3-1	all
fonts-tlwg-typist-ttf	1:0.7.3-1	all
fonts-tlwg-typo	1:0.7.3-1	all
fonts-tlwg-typo-ttf	1:0.7.3-1	all
fonts-tlwg-umpush	1:0.7.3-1	all
fonts-tlwg-umpush-ttf	1:0.7.3-1	all
fonts-tlwg-waree	1:0.7.3-1	all
fonts-tlwg-waree-ttf	1:0.7.3-1	all
fonts-ubuntu	0.83-6ubuntu1	all
fonts-urw-base35	20200910-1	all
fonts-yrsa-rasa	2.005-1	all
foomatic-db-compressed-ppds	20220223-0ubuntu1	all
fprintd	1.94.2-1ubuntu0.22.04.1	amd64
freeglut3	2.8.1-6	amd64
freeglut3-dev	2.8.1-6	amd64
friendly-recovery	0.2.42	all
ftp	20210827-4build1	all
fuse3	3.10.5-1build1	amd64
fwupd	2.0.20-1ubuntu2~22.04.2	amd64
fwupd-signed	1.51.1~22.04.1+1.4-0ubuntu0.1	amd64
g++	4:11.2.0-1ubuntu1	amd64
g++-11	11.4.0-1ubuntu1~22.04.3	amd64
gamemode	1.6.1-1build2	amd64
gamemode-daemon	1.6.1-1build2	amd64
gcc	4:11.2.0-1ubuntu1	amd64
gcc-11	11.4.0-1ubuntu1~22.04.3	amd64
gcc-11-base	11.4.0-1ubuntu1~22.04.3	amd64
gcc-12-base	12.3.0-1ubuntu1~22.04.3	amd64
gcr	3.40.0-4	amd64
gdal-data	3.4.1+dfsg-1build4	all
gdb	12.1-0ubuntu1~22.04.2	amd64
gdisk	1.0.8-4build1	amd64
gdm3	42.0-1ubuntu7.22.04.4	amd64
gedit	41.0-3	amd64
gedit-common	41.0-3	all
genisoimage	9:1.1.11-3.2ubuntu1	amd64
geoclue-2.0	2.5.7-3ubuntu3	amd64
gettext-base	0.21-4ubuntu4	amd64
gfortran	4:11.2.0-1ubuntu1	amd64
gfortran-11	11.4.0-1ubuntu1~22.04.3	amd64
ghostscript	9.55.0~dfsg1-0ubuntu5.13	amd64
ghostscript-x	9.55.0~dfsg1-0ubuntu5.13	amd64
gir1.2-accountsservice-1.0	22.07.5-2ubuntu1.6	amd64
gir1.2-adw-1	1.1.7-0ubuntu0.22.04.1	amd64
gir1.2-atk-1.0	2.36.0-3build1	amd64
gir1.2-atspi-2.0	2.44.0-3	amd64
gir1.2-ayatanaappindicator3-0.1	0.5.90-7ubuntu2	amd64
gir1.2-ayatanaido3-0.4	0.9.1-1	amd64
gir1.2-dbusmenu-glib-0.4	16.04.1+18.10.20180917-0ubuntu8	amd64
gir1.2-dee-1.0	1.2.7+17.10.20170616-6ubuntu4	amd64
gir1.2-freedesktop	1.72.0-1	amd64
gir1.2-gck-1	3.40.0-4	amd64
gir1.2-gcr-3	3.40.0-4	amd64
gir1.2-gdesktopenums-3.0	42.0-1ubuntu1	amd64
gir1.2-gdkpixbuf-2.0	2.42.8+dfsg-1ubuntu0.5	amd64
gir1.2-gdm-1.0	42.0-1ubuntu7.22.04.4	amd64
gir1.2-geoclue-2.0	2.5.7-3ubuntu3	amd64
gir1.2-glib-2.0	1.72.0-1	amd64
gir1.2-gmenu-3.0	3.36.0-1ubuntu3	amd64
gir1.2-gnomebluetooth-3.0	42.0-5	amd64
gir1.2-gnomedesktop-3.0	42.9-0ubuntu1	amd64
gir1.2-goa-1.0	3.44.0-1ubuntu1	amd64
gir1.2-graphene-1.0	1.10.8-1	amd64
gir1.2-gst-plugins-base-1.0	1.20.1-1ubuntu0.6	amd64
gir1.2-gstreamer-1.0	1.20.3-0ubuntu1.1	amd64
gir1.2-gtk-3.0	3.24.33-1ubuntu2.2	amd64
gir1.2-gtk-4.0	4.6.9+ds-0ubuntu0.22.04.2	amd64
gir1.2-gtksource-4	4.8.3-1	amd64
gir1.2-gudev-1.0	1:237-2build1	amd64
gir1.2-gweather-3.0	40.0-5build1	amd64
gir1.2-handy-1	1.6.1-1	amd64
gir1.2-harfbuzz-0.0	2.7.4-1ubuntu3.2	amd64
gir1.2-ibus-1.0	1.5.26-4	amd64
gir1.2-javascriptcoregtk-4.0	2.50.4-0ubuntu0.22.04.1	amd64
gir1.2-json-1.0	1.6.6-1build1	amd64
gir1.2-keybinder-3.0	0.3.2-1.1	amd64
gir1.2-mutter-10	42.9-0ubuntu9	amd64
gir1.2-nm-1.0	1.36.6-0ubuntu2.4	amd64
gir1.2-nma-1.0	1.8.34-1ubuntu1	amd64
gir1.2-notify-0.7	0.7.9-3ubuntu5.22.04.1	amd64
gir1.2-packagekitglib-1.0	1.2.5-2ubuntu3.1	amd64
gir1.2-pango-1.0	1.50.6+ds-2ubuntu1	amd64
gir1.2-peas-1.0	1.32.0-1	amd64
gir1.2-polkit-1.0	0.105-33ubuntu0.1	amd64
gir1.2-rb-3.0	3.4.4-5ubuntu1	amd64
gir1.2-rsvg-2.0	2.52.5+dfsg-3ubuntu0.2	amd64
gir1.2-secret-1	0.20.5-2	amd64
gir1.2-snapd-1	1.60-0ubuntu1	amd64
gir1.2-soup-2.4	2.74.2-3ubuntu0.7	amd64
gir1.2-totem-1.0	42.0-1ubuntu1	amd64
gir1.2-totemplparser-1.0	3.26.6-1build1	amd64
gir1.2-udisks-2.0	2.9.4-1ubuntu2.3	amd64
gir1.2-unity-7.0	7.1.4+19.04.20190319-6build1	amd64
gir1.2-upowerglib-1.0	0.99.17-1	amd64
gir1.2-vte-2.91	0.68.0-1ubuntu0.1	amd64
gir1.2-webkit2-4.0	2.50.4-0ubuntu0.22.04.1	amd64
gir1.2-wnck-3.0	40.1-1	amd64
git	1:2.34.1-1ubuntu1.17	amd64
git-man	1:2.34.1-1ubuntu1.17	all
gjs	1.72.4-0ubuntu0.22.04.4	amd64
gkbd-capplet	3.26.1-2	amd64
glib-networking	2.72.0-1	amd64
glib-networking-common	2.72.0-1	all
glib-networking-services	2.72.0-1	amd64
gnome-accessibility-themes	3.28-1ubuntu3	all
gnome-bluetooth	3.34.5-8	amd64
gnome-bluetooth-3-common	42.0-5	all
gnome-bluetooth-common	3.34.5-8	all
gnome-calculator	1:41.1-2ubuntu2	amd64
gnome-calendar	41.2-3	amd64
gnome-characters	41.0-4	amd64
gnome-control-center	1:41.7-0ubuntu0.22.04.9	amd64
gnome-control-center-data	1:41.7-0ubuntu0.22.04.9	all
gnome-control-center-faces	1:41.7-0ubuntu0.22.04.9	all
gnome-desktop3-data	42.9-0ubuntu1	all
gnome-disk-utility	42.0-1ubuntu1	amd64
gnome-font-viewer	41.0-2	amd64
gnome-initial-setup	42.0.1-1ubuntu2.3	amd64
gnome-keyring	40.0-3ubuntu3	amd64
gnome-keyring-pkcs11	40.0-3ubuntu3	amd64
gnome-logs	42.0-1	amd64
gnome-mahjongg	1:3.38.3-2	amd64
gnome-menus	3.36.0-1ubuntu3	amd64
gnome-mines	1:40.1-1	amd64
gnome-online-accounts	3.44.0-1ubuntu1	amd64
gnome-power-manager	3.32.0-2build2	amd64
gnome-remote-desktop	42.9-0ubuntu0.22.04.2	amd64
gnome-session-bin	42.0-1ubuntu2	amd64
gnome-session-canberra	0.30-10ubuntu1.22.04.1	amd64
gnome-session-common	42.0-1ubuntu2	all
gnome-settings-daemon	42.1-1ubuntu2.2	amd64
gnome-settings-daemon-common	42.1-1ubuntu2.2	all
gnome-shell	42.9-0ubuntu2.3	amd64
gnome-shell-common	42.9-0ubuntu2.3	all
gnome-shell-extension-appindicator	42-2~fakesync1	all
gnome-shell-extension-desktop-icons-ng	43-2ubuntu1	all
gnome-shell-extension-ubuntu-dock	72~ubuntu5.22.04.3	all
gnome-startup-applications	42.0-1ubuntu2	amd64
gnome-sudoku	1:42.0-1	amd64
gnome-system-monitor	42.0-1	amd64
gnome-terminal	3.44.0-1ubuntu1	amd64
gnome-terminal-data	3.44.0-1ubuntu1	all
gnome-themes-extra	3.28-1ubuntu3	amd64
gnome-themes-extra-data	3.28-1ubuntu3	all
gnome-todo	3.28.1-6ubuntu1	amd64
gnome-todo-common	3.28.1-6ubuntu1	all
gnome-user-docs	41.5-1ubuntu2	all
gnome-user-docs-zh-hans	41.5-1ubuntu2	all
gnome-video-effects	0.5.0-1ubuntu1	all
gnupg	2.2.27-3ubuntu2.5	all
gnupg-l10n	2.2.27-3ubuntu2.5	all
gnupg-utils	2.2.27-3ubuntu2.5	amd64
google-mock	1.11.0-3	amd64
googletest	1.11.0-3	all
gpg	2.2.27-3ubuntu2.5	amd64
gpg-agent	2.2.27-3ubuntu2.5	amd64
gpg-wks-client	2.2.27-3ubuntu2.5	amd64
gpg-wks-server	2.2.27-3ubuntu2.5	amd64
gpgconf	2.2.27-3ubuntu2.5	amd64
gpgsm	2.2.27-3ubuntu2.5	amd64
gpgv	2.2.27-3ubuntu2.5	amd64
graphviz	2.42.2-6ubuntu0.1	amd64
grep	3.7-1build1	amd64
grilo-plugins-0.3-base	0.3.14-1ubuntu2	amd64
groff-base	1.22.4-8build1	amd64
grub-common	2.06-2ubuntu7.2	amd64
grub-efi-amd64-bin	2.06-2ubuntu14.8	amd64
grub-efi-amd64-signed	1.187.12+2.06-2ubuntu14.8	amd64
grub-gfxpayload-lists	0.7	amd64
grub-pc	2.06-2ubuntu7.2	amd64
grub-pc-bin	2.06-2ubuntu7.2	amd64
grub2-common	2.06-2ubuntu7.2	amd64
gsettings-desktop-schemas	42.0-1ubuntu1	all
gsettings-ubuntu-schemas	0.0.7+21.10.20210712-0ubuntu2	all
gstreamer1.0-alsa	1.20.1-1ubuntu0.6	amd64
gstreamer1.0-clutter-3.0	3.0.27-2ubuntu1	amd64
gstreamer1.0-gl	1.20.1-1ubuntu0.6	amd64
gstreamer1.0-gtk3	1.20.3-0ubuntu1.7	amd64
gstreamer1.0-packagekit	1.2.5-2ubuntu3.1	amd64
gstreamer1.0-pipewire	0.3.48-1ubuntu3.2	amd64
gstreamer1.0-plugins-base	1.20.1-1ubuntu0.6	amd64
gstreamer1.0-plugins-base-apps	1.20.1-1ubuntu0.6	amd64
gstreamer1.0-plugins-good	1.20.3-0ubuntu1.7	amd64
gstreamer1.0-pulseaudio	1.20.3-0ubuntu1.7	amd64
gstreamer1.0-tools	1.20.3-0ubuntu1.1	amd64
gstreamer1.0-x	1.20.1-1ubuntu0.6	amd64
gtk-update-icon-cache	3.24.33-1ubuntu2.2	amd64
gtk2-engines-murrine	0.98.2-3build2	amd64
gtk2-engines-pixbuf	2.24.33-2ubuntu2.1	amd64
guile-2.2-libs	2.2.7+1-6build2	amd64
gvfs	1.48.2-0ubuntu1.1	amd64
gvfs-backends	1.48.2-0ubuntu1.1	amd64
gvfs-common	1.48.2-0ubuntu1.1	all
gvfs-daemons	1.48.2-0ubuntu1.1	amd64
gvfs-fuse	1.48.2-0ubuntu1.1	amd64
gvfs-libs	1.48.2-0ubuntu1.1	amd64
gzip	1.10-4ubuntu4.2	amd64
hdf5-helpers	1.10.7+repack-4ubuntu2	amd64
hdparm	9.60+ds-1build3	amd64
hicolor-icon-theme	0.17-2	all
hostname	3.23ubuntu2	amd64
hplip	3.21.12+dfsg0-1ubuntu0.1	amd64
hplip-data	3.21.12+dfsg0-1ubuntu0.1	all
humanity-icon-theme	0.6.16	all
hunspell-en-us	1:2020.12.07-2	all
hwdata	0.357-1	all
hyphen-en-us	2.8.8-7build2	all
i2c-tools	4.3-2build1	amd64
i965-va-driver	2.4.1+dfsg1-1	amd64
ibus	1.5.26-4	amd64
ibus-data	1.5.26-4	all
ibus-gtk	1.5.26-4	amd64
ibus-gtk3	1.5.26-4	amd64
ibus-gtk4	1.5.26-4	amd64
ibus-libpinyin	1.12.1-2ubuntu2	amd64
ibus-table	1.16.7-1	all
ibus-table-wubi	1.8.2-3	all
ibverbs-providers	39.0-1	amd64
icu-devtools	70.1-2	amd64
iio-sensor-proxy	3.3-0ubuntu6	amd64
im-config	0.50-2ubuntu22.04.1	all
info	6.8-4build1	amd64
init	1.62	amd64
init-system-helpers	1.62	all
initramfs-tools	0.140ubuntu13.5	all
initramfs-tools-bin	0.140ubuntu13.5	amd64
initramfs-tools-core	0.140ubuntu13.5	all
inputattach	1:1.7.1-1build2	amd64
install-info	6.8-4build1	amd64
intel-media-va-driver	22.3.1+dfsg1-1ubuntu2	amd64
intel-microcode	3.20260210.0ubuntu0.22.04.1	amd64
ipp-usb	0.9.20-1ubuntu0.22.04.2	amd64
iproute2	5.15.0-1ubuntu2.2	amd64
iptables	1.8.7-1ubuntu5.2	amd64
iputils-ping	3:20211215-1ubuntu0.1	amd64
iputils-tracepath	3:20211215-1ubuntu0.1	amd64
irqbalance	1.8.0-1ubuntu0.2	amd64
isc-dhcp-client	4.4.1-2.3ubuntu2.4	amd64
isc-dhcp-common	4.4.1-2.3ubuntu2.4	amd64
iso-codes	4.9.0-1	all
iucode-tool	2.3.1-1build1	amd64
java-common	0.72build2	all
javascript-common	11+nmu1	all
jq	1.6-2.1ubuntu3.2	amd64
kbd	2.3.0-3ubuntu4.22.04	amd64
kerneloops	0.12+git20140509-6ubuntu5	amd64
keyboard-configuration	1.205ubuntu3	all
keyutils	1.6.1-2ubuntu3	amd64
klibc-utils	2.0.10-4ubuntu0.2	amd64
kmod	29-1ubuntu1.1	amd64
language-pack-en	1:22.04+20240902	all
language-pack-en-base	1:22.04+20240902	all
language-pack-gnome-en	1:22.04+20240902	all
language-pack-gnome-en-base	1:22.04+20240902	all
language-pack-gnome-zh-hans	1:22.04+20240902	all
language-pack-gnome-zh-hans-base	1:22.04+20240902	all
language-pack-zh-hans	1:22.04+20240902	all
language-pack-zh-hans-base	1:22.04+20240902	all
language-selector-common	0.219.1	all
language-selector-gnome	0.219.1	all
laptop-detect	0.16	all
lbzip2	2.5-2.3	amd64
less	590-1ubuntu0.22.04.3	amd64
libaa1	1.4p5-50build1	amd64
libaacs0	0.11.1-1	amd64
libabsl20210324	0~20210324.2-2ubuntu0.3	amd64
libabw-0.1-1	0.1.3-1build3	amd64
libaccountsservice0	22.07.5-2ubuntu1.6	amd64
libacl1	2.3.1-1	amd64
libadwaita-1-0	1.1.7-0ubuntu0.22.04.1	amd64
libaec-dev	1.0.6-1	amd64
libaec0	1.0.6-1	amd64
libalgorithm-diff-perl	1.201-1	all
libalgorithm-diff-xs-perl	0.04-6build3	amd64
libalgorithm-merge-perl	0.08-3	all
libann0	1.1.2+doc-7build1	amd64
libao-common	1.2.2+20180113-1.1ubuntu3	all
libao4	1.2.2+20180113-1.1ubuntu3	amd64
libaom-dev	3.3.0-1ubuntu0.1	amd64
libaom3	3.3.0-1ubuntu0.1	amd64
libapparmor1	3.0.4-2ubuntu2.5	amd64
libappstream4	0.15.2-2	amd64
libapr1	1.7.0-8ubuntu0.22.04.2	amd64
libaprutil1	1.6.1-5ubuntu4.22.04.3	amd64
libapt-pkg6.0	2.4.14	amd64
libarchive13	3.6.0-1ubuntu1.8	amd64
libargon2-1	0~20171227-0.3	amd64
libarmadillo-dev	1:10.8.2+dfsg-1	amd64
libarmadillo10	1:10.8.2+dfsg-1	amd64
libarpack2	3.8.0-1	amd64
libarpack2-dev	3.8.0-1	amd64
libasan6	11.4.0-1ubuntu1~22.04.3	amd64
libasound2	1.2.6.1-1ubuntu1.2	amd64
libasound2-data	1.2.6.1-1ubuntu1.2	all
libasound2-dev	1.2.6.1-1ubuntu1.2	amd64
libasound2-plugins	1.2.6-1	amd64
libaspell15	0.60.8-4build1	amd64
libass9	1:0.15.2-1	amd64
libassimp-dev	5.2.2~ds0-1	amd64
libassimp5	5.2.2~ds0-1	amd64
libassuan0	2.5.5-1build1	amd64
libasyncns0	0.8-6build2	amd64
libatasmart4	0.19-5build2	amd64
libatk-adaptor	2.38.0-3	amd64
libatk-bridge2.0-0	2.38.0-3	amd64
libatk-bridge2.0-dev	2.38.0-3	amd64
libatk-wrapper-java	0.38.0-5build1	all
libatk-wrapper-java-jni	0.38.0-5build1	amd64
libatk1.0-0	2.36.0-3build1	amd64
libatk1.0-data	2.36.0-3build1	all
libatk1.0-dev	2.36.0-3build1	amd64
libatkmm-1.6-1v5	2.28.2-1build1	amd64
libatm1	1:2.5.1-4build2	amd64
libatomic1	12.3.0-1ubuntu1~22.04.3	amd64
libatopology2	1.2.6.1-1ubuntu1.2	amd64
libatspi2.0-0	2.44.0-3	amd64
libatspi2.0-dev	2.44.0-3	amd64
libattr1	1:2.5.1-1ubuntu0.1	amd64
libaudit-common	1:3.0.7-1build1	all
libaudit1	1:3.0.7-1build1	amd64
libauthen-sasl-perl	2.1600-1.1	all
libavahi-client3	0.8-5ubuntu5.5	amd64
libavahi-common-data	0.8-5ubuntu5.5	amd64
libavahi-common3	0.8-5ubuntu5.5	amd64
libavahi-core7	0.8-5ubuntu5.5	amd64
libavahi-glib1	0.8-5ubuntu5.5	amd64
libavahi-ui-gtk3-0	0.8-5ubuntu5.5	amd64
libavc1394-0	0.5.4-5build2	amd64
libavcodec-dev	7:4.4.2-0ubuntu0.22.04.1	amd64
libavcodec58	7:4.4.2-0ubuntu0.22.04.1	amd64
libavdevice58	7:4.4.2-0ubuntu0.22.04.1	amd64
libavfilter7	7:4.4.2-0ubuntu0.22.04.1	amd64
libavformat-dev	7:4.4.2-0ubuntu0.22.04.1	amd64
libavformat58	7:4.4.2-0ubuntu0.22.04.1	amd64
libavutil-dev	7:4.4.2-0ubuntu0.22.04.1	amd64
libavutil56	7:4.4.2-0ubuntu0.22.04.1	amd64
libayatana-appindicator3-1	0.5.90-7ubuntu2	amd64
libayatana-appindicator3-dev	0.5.90-7ubuntu2	amd64
libayatana-ido3-0.4-0	0.9.1-1	amd64
libayatana-ido3-dev	0.9.1-1	amd64
libayatana-indicator3-7	0.9.1-1	amd64
libayatana-indicator3-dev	0.9.1-1	amd64
libbabeltrace1	1.5.8-2build1	amd64
libbdplus0	0.2.0-1	amd64
libbinutils	2.38-4ubuntu2.12	amd64
libblas-dev	3.10.0-2ubuntu1	amd64
libblas3	3.10.0-2ubuntu1	amd64
libblkid-dev	2.37.2-4ubuntu3.6	amd64
libblkid1	2.37.2-4ubuntu3.6	amd64
libblockdev-crypto2	2.26-1ubuntu0.1	amd64
libblockdev-fs2	2.26-1ubuntu0.1	amd64
libblockdev-loop2	2.26-1ubuntu0.1	amd64
libblockdev-part-err2	2.26-1ubuntu0.1	amd64
libblockdev-part2	2.26-1ubuntu0.1	amd64
libblockdev-swap2	2.26-1ubuntu0.1	amd64
libblockdev-utils2	2.26-1ubuntu0.1	amd64
libblockdev2	2.26-1ubuntu0.1	amd64
libblosc-dev	1.21.1+ds2-2	amd64
libblosc1	1.21.1+ds2-2	amd64
libbluetooth3	5.64-0ubuntu1.4	amd64
libbluray2	1:1.3.1-1	amd64
libboost-all-dev	1.74.0.3ubuntu7	amd64
libboost-atomic-dev	1.74.0.3ubuntu7	amd64
libboost-atomic1.74-dev	1.74.0-14ubuntu3	amd64
libboost-atomic1.74.0	1.74.0-14ubuntu3	amd64
libboost-chrono-dev	1.74.0.3ubuntu7	amd64
libboost-chrono1.74-dev	1.74.0-14ubuntu3	amd64
libboost-chrono1.74.0	1.74.0-14ubuntu3	amd64
libboost-container-dev	1.74.0.3ubuntu7	amd64
libboost-container1.74-dev	1.74.0-14ubuntu3	amd64
libboost-container1.74.0	1.74.0-14ubuntu3	amd64
libboost-context-dev	1.74.0.3ubuntu7	amd64
libboost-context1.74-dev	1.74.0-14ubuntu3	amd64
libboost-context1.74.0	1.74.0-14ubuntu3	amd64
libboost-coroutine-dev	1.74.0.3ubuntu7	amd64
libboost-coroutine1.74-dev	1.74.0-14ubuntu3	amd64
libboost-coroutine1.74.0	1.74.0-14ubuntu3	amd64
libboost-date-time-dev	1.74.0.3ubuntu7	amd64
libboost-date-time1.74-dev	1.74.0-14ubuntu3	amd64
libboost-date-time1.74.0	1.74.0-14ubuntu3	amd64
libboost-dev	1.74.0.3ubuntu7	amd64
libboost-exception-dev	1.74.0.3ubuntu7	amd64
libboost-exception1.74-dev	1.74.0-14ubuntu3	amd64
libboost-fiber-dev	1.74.0.3ubuntu7	amd64
libboost-fiber1.74-dev	1.74.0-14ubuntu3	amd64
libboost-fiber1.74.0	1.74.0-14ubuntu3	amd64
libboost-filesystem-dev	1.74.0.3ubuntu7	amd64
libboost-filesystem1.74-dev	1.74.0-14ubuntu3	amd64
libboost-filesystem1.74.0	1.74.0-14ubuntu3	amd64
libboost-graph-dev	1.74.0.3ubuntu7	amd64
libboost-graph-parallel-dev	1.74.0.3ubuntu7	amd64
libboost-graph-parallel1.74-dev	1.74.0-14ubuntu3	amd64
libboost-graph-parallel1.74.0	1.74.0-14ubuntu3	amd64
libboost-graph1.74-dev	1.74.0-14ubuntu3	amd64
libboost-graph1.74.0	1.74.0-14ubuntu3	amd64
libboost-iostreams-dev	1.74.0.3ubuntu7	amd64
libboost-iostreams1.74-dev	1.74.0-14ubuntu3	amd64
libboost-iostreams1.74.0	1.74.0-14ubuntu3	amd64
libboost-locale-dev	1.74.0.3ubuntu7	amd64
libboost-locale1.74-dev	1.74.0-14ubuntu3	amd64
libboost-locale1.74.0	1.74.0-14ubuntu3	amd64
libboost-log-dev	1.74.0.3ubuntu7	amd64
libboost-log1.74-dev	1.74.0-14ubuntu3	amd64
libboost-log1.74.0	1.74.0-14ubuntu3	amd64
libboost-math-dev	1.74.0.3ubuntu7	amd64
libboost-math1.74-dev	1.74.0-14ubuntu3	amd64
libboost-math1.74.0	1.74.0-14ubuntu3	amd64
libboost-mpi-dev	1.74.0.3ubuntu7	amd64
libboost-mpi-python-dev	1.74.0.3ubuntu7	amd64
libboost-mpi-python1.74-dev	1.74.0-14ubuntu3	amd64
libboost-mpi-python1.74.0	1.74.0-14ubuntu3	amd64
libboost-mpi1.74-dev	1.74.0-14ubuntu3	amd64
libboost-mpi1.74.0	1.74.0-14ubuntu3	amd64
libboost-nowide-dev	1.74.0.3ubuntu7	amd64
libboost-nowide1.74-dev	1.74.0-14ubuntu3	amd64
libboost-nowide1.74.0	1.74.0-14ubuntu3	amd64
libboost-numpy-dev	1.74.0.3ubuntu7	amd64
libboost-numpy1.74-dev	1.74.0-14ubuntu3	amd64
libboost-numpy1.74.0	1.74.0-14ubuntu3	amd64
libboost-program-options-dev	1.74.0.3ubuntu7	amd64
libboost-program-options1.74-dev	1.74.0-14ubuntu3	amd64
libboost-program-options1.74.0	1.74.0-14ubuntu3	amd64
libboost-python-dev	1.74.0.3ubuntu7	amd64
libboost-python1.74-dev	1.74.0-14ubuntu3	amd64
libboost-python1.74.0	1.74.0-14ubuntu3	amd64
libboost-random-dev	1.74.0.3ubuntu7	amd64
libboost-random1.74-dev	1.74.0-14ubuntu3	amd64
libboost-random1.74.0	1.74.0-14ubuntu3	amd64
libboost-regex-dev	1.74.0.3ubuntu7	amd64
libboost-regex1.74-dev	1.74.0-14ubuntu3	amd64
libboost-regex1.74.0	1.74.0-14ubuntu3	amd64
libboost-serialization-dev	1.74.0.3ubuntu7	amd64
libboost-serialization1.74-dev	1.74.0-14ubuntu3	amd64
libboost-serialization1.74.0	1.74.0-14ubuntu3	amd64
libboost-stacktrace-dev	1.74.0.3ubuntu7	amd64
libboost-stacktrace1.74-dev	1.74.0-14ubuntu3	amd64
libboost-stacktrace1.74.0	1.74.0-14ubuntu3	amd64
libboost-system-dev	1.74.0.3ubuntu7	amd64
libboost-system1.74-dev	1.74.0-14ubuntu3	amd64
libboost-system1.74.0	1.74.0-14ubuntu3	amd64
libboost-test-dev	1.74.0.3ubuntu7	amd64
libboost-test1.74-dev	1.74.0-14ubuntu3	amd64
libboost-test1.74.0	1.74.0-14ubuntu3	amd64
libboost-thread-dev	1.74.0.3ubuntu7	amd64
libboost-thread1.74-dev	1.74.0-14ubuntu3	amd64
libboost-thread1.74.0	1.74.0-14ubuntu3	amd64
libboost-timer-dev	1.74.0.3ubuntu7	amd64
libboost-timer1.74-dev	1.74.0-14ubuntu3	amd64
libboost-timer1.74.0	1.74.0-14ubuntu3	amd64
libboost-tools-dev	1.74.0.3ubuntu7	amd64
libboost-type-erasure-dev	1.74.0.3ubuntu7	amd64
libboost-type-erasure1.74-dev	1.74.0-14ubuntu3	amd64
libboost-type-erasure1.74.0	1.74.0-14ubuntu3	amd64
libboost-wave-dev	1.74.0.3ubuntu7	amd64
libboost-wave1.74-dev	1.74.0-14ubuntu3	amd64
libboost-wave1.74.0	1.74.0-14ubuntu3	amd64
libboost1.74-dev	1.74.0-14ubuntu3	amd64
libboost1.74-tools-dev	1.74.0-14ubuntu3	amd64
libbpf0	1:0.5.0-1ubuntu22.04.1	amd64
libbrlapi0.8	6.4-4ubuntu3	amd64
libbrotli-dev	1.0.9-2build6	amd64
libbrotli1	1.0.9-2build6	amd64
libbs2b0	3.1.0+dfsg-2.2build1	amd64
libbsd0	0.11.5-1	amd64
libbullet-dev	3.06+dfsg-4build2	amd64
libbullet3.06	3.06+dfsg-4build2	amd64
libbz2-1.0	1.0.8-5ubuntu0.1	amd64
libc-ares2	1.18.1-1ubuntu0.22.04.3	amd64
libc-bin	2.35-0ubuntu3.14	amd64
libc-dev-bin	2.35-0ubuntu3.14	amd64
libc-devtools	2.35-0ubuntu3.14	amd64
libc6	2.35-0ubuntu3.14	amd64
libc6-dbg	2.35-0ubuntu3.14	amd64
libc6-dev	2.35-0ubuntu3.14	amd64
libcaca0	0.99.beta19-2.2ubuntu4.2	amd64
libcaf-openmpi-3	2.9.2-3	amd64
libcairo-gobject-perl	1.005-3build1	amd64
libcairo-gobject2	1.16.0-5ubuntu2.1	amd64
libcairo-perl	1.109-2build1	amd64
libcairo-script-interpreter2	1.16.0-5ubuntu2.1	amd64
libcairo2	1.16.0-5ubuntu2.1	amd64
libcairo2-dev	1.16.0-5ubuntu2.1	amd64
libcairomm-1.0-1v5	1.12.2-4build3	amd64
libcamel-1.2-63	3.44.4-0ubuntu1.2	amd64
libcanberra-gtk3-0	0.30-10ubuntu1.22.04.1	amd64
libcanberra-gtk3-module	0.30-10ubuntu1.22.04.1	amd64
libcanberra-pulse	0.30-10ubuntu1.22.04.1	amd64
libcanberra0	0.30-10ubuntu1.22.04.1	amd64
libcap-dev	1:2.44-1ubuntu0.22.04.3	amd64
libcap-ng0	0.7.9-2.2build3	amd64
libcap2	1:2.44-1ubuntu0.22.04.3	amd64
libcap2-bin	1:2.44-1ubuntu0.22.04.3	amd64
libcbor0.8	0.8.0-2ubuntu1	amd64
libcc1-0	12.3.0-1ubuntu1~22.04.3	amd64
libccd-dev	2.1-2	amd64
libccd2	2.1-2	amd64
libcdio-cdda2	10.2+2.0.0-1build3	amd64
libcdio-paranoia2	10.2+2.0.0-1build3	amd64
libcdio19	2.1.0-3ubuntu0.2	amd64
libcdparanoia0	3.10.2+debian-14build2	amd64
libcdr-0.1-1	0.1.6-2build2	amd64
libcdt5	2.42.2-6ubuntu0.1	amd64
libcfitsio-dev	4.0.0-1	amd64
libcfitsio-doc	4.0.0-1	all
libcfitsio9	4.0.0-1	amd64
libcgraph6	2.42.2-6ubuntu0.1	amd64
libcharls-dev	2.3.4-1	amd64
libcharls2	2.3.4-1	amd64
libcheese-gtk25	41.1-1build1	amd64
libcheese8	41.1-1build1	amd64
libchromaprint1	1.5.1-2	amd64
libclang1-14	1:14.0.0-1ubuntu1.1	amd64
libclone-perl	0.45-1build3	amd64
libclucene-contribs1v5	2.3.3.4+dfsg-1ubuntu5	amd64
libclucene-core1v5	2.3.3.4+dfsg-1ubuntu5	amd64
libclutter-1.0-0	1.26.4+dfsg-4build1	amd64
libclutter-1.0-common	1.26.4+dfsg-4build1	all
libclutter-gst-3.0-0	3.0.27-2ubuntu1	amd64
libclutter-gtk-1.0-0	1.8.4-4build2	amd64
libcoarrays-dev	2.9.2-3	amd64
libcoarrays-openmpi-dev	2.9.2-3	amd64
libcodec2-1.0	1.0.1-3	amd64
libcogl-common	1.22.8-3build1	all
libcogl-pango20	1.22.8-3build1	amd64
libcogl-path20	1.22.8-3build1	amd64
libcogl20	1.22.8-3build1	amd64
libcolamd2	1:5.10.1+dfsg-4build1	amd64
libcolord-gtk1	0.3.0-1	amd64
libcolord2	1.4.6-1	amd64
libcolorhug2	1.4.6-1	amd64
libcom-err2	1.46.5-2ubuntu1.2	amd64
libconsole-bridge-dev	1.0.1+dfsg2-3	amd64
libconsole-bridge1.0	1.0.1+dfsg2-3	amd64
libcrack2	2.9.6-3.4build4	amd64
libcrypt-dev	1:4.4.27-1	amd64
libcrypt1	1:4.4.27-1	amd64
libcryptsetup12	2:2.4.3-1ubuntu1.3	amd64
libctf-nobfd0	2.38-4ubuntu2.12	amd64
libctf0	2.38-4ubuntu2.12	amd64
libcue2	2.2.1-3ubuntu0.1	amd64
libcups2	2.4.1op1-1ubuntu4.21	amd64
libcupsfilters1	1.28.15-0ubuntu1.5	amd64
libcupsimage2	2.4.1op1-1ubuntu4.21	amd64
libcurl3-gnutls	7.81.0-1ubuntu1.27	amd64
libcurl4	7.81.0-1ubuntu1.27	amd64
libcurl4-openssl-dev	7.81.0-1ubuntu1.27	amd64
libdaemon0	0.14-7.1ubuntu3	amd64
libdata-dump-perl	1.25-1	all
libdatrie-dev	0.2.13-2	amd64
libdatrie1	0.2.13-2	amd64
libdav1d-dev	0.9.2-1	amd64
libdav1d5	0.9.2-1	amd64
libdazzle-1.0-0	3.44.0-1	amd64
libdazzle-common	3.44.0-1	all
libdb5.3	5.3.28+dfsg1-0.8ubuntu3	amd64
libdbus-1-3	1.12.20-2ubuntu4.1	amd64
libdbus-1-dev	1.12.20-2ubuntu4.1	amd64
libdbus-glib-1-2	0.112-2build1	amd64
libdbus-glib-1-dev	0.112-2build1	amd64
libdbus-glib-1-dev-bin	0.112-2build1	amd64
libdbusmenu-glib-dev	16.04.1+18.10.20180917-0ubuntu8	amd64
libdbusmenu-glib4	16.04.1+18.10.20180917-0ubuntu8	amd64
libdbusmenu-gtk3-4	16.04.1+18.10.20180917-0ubuntu8	amd64
libdc1394-25	2.2.6-4	amd64
libdc1394-dev	2.2.6-4	amd64
libdconf1	0.40.0-3ubuntu0.1	amd64
libde265-0	1.0.8-1ubuntu0.3	amd64
libde265-dev	1.0.8-1ubuntu0.3	amd64
libdebconfclient0	0.261ubuntu1	amd64
libdebuginfod-common	0.186-1ubuntu0.1	all
libdebuginfod1	0.186-1ubuntu0.1	amd64
libdecor-0-0	0.1.0-3build1	amd64
libdecor-0-dev	0.1.0-3build1	amd64
libdecor-0-plugin-1-cairo	0.1.0-3build1	amd64
libdee-1.0-4	1.2.7+17.10.20170616-6ubuntu4	amd64
libdeflate-dev	1.10-2	amd64
libdeflate0	1.10-2	amd64
libdevmapper1.02.1	2:1.02.175-2.1ubuntu5	amd64
libdjvulibre-text	3.5.28-2ubuntu0.22.04.2	all
libdjvulibre21	3.5.28-2ubuntu0.22.04.2	amd64
libdmapsharing-3.0-2	2.9.41-3build2	amd64
libdns-export1110	1:9.11.19+dfsg-2.1ubuntu3	amd64
libdotconf0	1.3-0.3fakesync1build2	amd64
libdouble-conversion-dev	3.1.7-4	amd64
libdouble-conversion3	3.1.7-4	amd64
libdpkg-perl	1.21.1ubuntu2.6	all
libdraco-dev	1.5.2+dfsg-2	amd64
libdraco4	1.5.2+dfsg-2	amd64
libdrm-amdgpu1	2.4.113-2~ubuntu0.22.04.1	amd64
libdrm-common	2.4.113-2~ubuntu0.22.04.1	all
libdrm-dev	2.4.113-2~ubuntu0.22.04.1	amd64
libdrm-intel1	2.4.113-2~ubuntu0.22.04.1	amd64
libdrm-nouveau2	2.4.113-2~ubuntu0.22.04.1	amd64
libdrm-radeon1	2.4.113-2~ubuntu0.22.04.1	amd64
libdrm2	2.4.113-2~ubuntu0.22.04.1	amd64
libdv4	1.0.0-14build1	amd64
libdw-dev	0.186-1ubuntu0.1	amd64
libdw1	0.186-1ubuntu0.1	amd64
libe-book-0.1-1	0.1.3-2build2	amd64
libebackend-1.2-10	3.44.4-0ubuntu1.2	amd64
libebook-1.2-20	3.44.4-0ubuntu1.2	amd64
libebook-contacts-1.2-3	3.44.4-0ubuntu1.2	amd64
libecal-2.0-1	3.44.4-0ubuntu1.2	amd64
libedata-book-1.2-26	3.44.4-0ubuntu1.2	amd64
libedata-cal-2.0-1	3.44.4-0ubuntu1.2	amd64
libedataserver-1.2-26	3.44.4-0ubuntu1.2	amd64
libedataserverui-1.2-3	3.44.4-0ubuntu1.2	amd64
libedit2	3.1-20210910-1build1	amd64
libefiboot1	37-6ubuntu2	amd64
libefivar1	37-6ubuntu2	amd64
libegl-dev	1.4.0-1	amd64
libegl-mesa0	23.2.1-1ubuntu3.1~22.04.4	amd64
libegl1	1.4.0-1	amd64
libegl1-mesa-dev	23.2.1-1ubuntu3.1~22.04.4	amd64
libeigen3-dev	3.4.0-2ubuntu2	all
libelf-dev	0.186-1ubuntu0.1	amd64
libelf1	0.186-1ubuntu0.1	amd64
libenchant-2-2	2.3.2-1ubuntu2	amd64
libencode-locale-perl	1.05-1.1	all
libeot0	0.01-5build2	amd64
libepoxy-dev	1.5.10-1	amd64
libepoxy0	1.5.10-1	amd64
libepubgen-0.1-1	0.1.1-1ubuntu5	amd64
liberror-perl	0.17029-1	all
libespeak-ng1	1.50+dfsg-10ubuntu0.1	amd64
libestr0	0.1.10-2.1build3	amd64
libetonyek-0.1-1	0.1.10-3build1	amd64
libevdev2	1.12.1+dfsg-1	amd64
libevdocument3-4	42.3-0ubuntu3.2	amd64
libevent-2.1-7	2.1.12-stable-1ubuntu0.1	amd64
libevent-core-2.1-7	2.1.12-stable-1ubuntu0.1	amd64
libevent-dev	2.1.12-stable-1ubuntu0.1	amd64
libevent-extra-2.1-7	2.1.12-stable-1ubuntu0.1	amd64
libevent-openssl-2.1-7	2.1.12-stable-1ubuntu0.1	amd64
libevent-pthreads-2.1-7	2.1.12-stable-1ubuntu0.1	amd64
libevview3-3	42.3-0ubuntu3.2	amd64
libexempi8	2.5.2-1ubuntu0.22.04.1	amd64
libexif-dev	0.6.24-1ubuntu0.22.04.1	amd64
libexif-doc	0.6.24-1ubuntu0.22.04.1	all
libexif12	0.6.24-1ubuntu0.22.04.1	amd64
libexiv2-27	0.27.5-3ubuntu1.3	amd64
libexpat1	2.4.7-1ubuntu0.7	amd64
libexpat1-dev	2.4.7-1ubuntu0.7	amd64
libexpected-dev	1.0.0~dfsg-2	all
libext2fs2	1.46.5-2ubuntu1.2	amd64
libexttextcat-2.0-0	3.4.5-1build2	amd64
libexttextcat-data	3.4.5-1build2	all
libextutils-depends-perl	0.8001-1	all
libfabric1	1.11.0-3	amd64
libfakeroot	1.28-1ubuntu1	amd64
libfastjson4	0.99.9-1build2	amd64
libfcl-dev	0.7.0-3	amd64
libfcl0.7	0.7.0-3	amd64
libfdisk1	2.37.2-4ubuntu3.6	amd64
libfdt1	1.6.1-1	amd64
libffi-dev	3.4.2-4	amd64
libffi8	3.4.2-4	amd64
libfftw3-single3	3.3.8-2ubuntu8	amd64
libfido2-1	1.10.0-1	amd64
libfile-basedir-perl	0.09-1	all
libfile-desktopentry-perl	0.22-2	all
libfile-fcntllock-perl	0.22-3build7	amd64
libfile-listing-perl	6.14-1	all
libfile-mimeinfo-perl	0.31-1	all
libflac8	1.3.3-2ubuntu0.2	amd64
libflann-dev	1.9.1+dfsg-11	amd64
libflann1.9	1.9.1+dfsg-11	amd64
libflashrom1	1.2-5build1	amd64
libflite1	2.2-3	amd64
libfmt-dev	8.1.1+ds1-2	amd64
libfmt8	8.1.1+ds1-2	amd64
libfont-afm-perl	1.20-3	all
libfontconfig-dev	2.13.1-4.2ubuntu5	amd64
libfontconfig1	2.13.1-4.2ubuntu5	amd64
libfontconfig1-dev	2.13.1-4.2ubuntu5	amd64
libfontembed1	1.28.15-0ubuntu1.5	amd64
libfontenc1	1:1.1.4-1build3	amd64
libfprint-2-2	1:1.94.3+tod1-0ubuntu2~22.04.08	amd64
libfreehand-0.1-1	0.1.2-3build2	amd64
libfreerdp-client2-2	2.6.1+dfsg1-3ubuntu2.11	amd64
libfreerdp-server2-2	2.6.1+dfsg1-3ubuntu2.11	amd64
libfreerdp2-2	2.6.1+dfsg1-3ubuntu2.11	amd64
libfreetype-dev	2.11.1+dfsg-1ubuntu0.3	amd64
libfreetype6	2.11.1+dfsg-1ubuntu0.3	amd64
libfreetype6-dev	2.11.1+dfsg-1ubuntu0.3	amd64
libfreexl-dev	1.0.6-1	amd64
libfreexl1	1.0.6-1	amd64
libfribidi-dev	1.0.8-2ubuntu3.1	amd64
libfribidi0	1.0.8-2ubuntu3.1	amd64
libftdi1-2	1.5-5build3	amd64
libfuse3-3	3.10.5-1build1	amd64
libfwupd3	2.0.20-1ubuntu2~22.04.2	amd64
libfyba-dev	4.1.1-7	amd64
libfyba0	4.1.1-7	amd64
libgail-common	2.24.33-2ubuntu2.1	amd64
libgail18	2.24.33-2ubuntu2.1	amd64
libgamemode0	1.6.1-1build2	amd64
libgamemodeauto0	1.6.1-1build2	amd64
libgbm-dev	23.2.1-1ubuntu3.1~22.04.4	amd64
libgbm1	23.2.1-1ubuntu3.1~22.04.4	amd64
libgc1	1:8.0.6-1.1build1	amd64
libgcc-11-dev	11.4.0-1ubuntu1~22.04.3	amd64
libgcc-s1	12.3.0-1ubuntu1~22.04.3	amd64
libgck-1-0	3.40.0-4	amd64
libgcr-base-3-1	3.40.0-4	amd64
libgcr-ui-3-1	3.40.0-4	amd64
libgcrypt20	1.9.4-3ubuntu3.3	amd64
libgd3	2.3.0-2ubuntu2.3	amd64
libgdal-dev	3.4.1+dfsg-1build4	amd64
libgdal30	3.4.1+dfsg-1build4	amd64
libgdata-common	0.18.1-2build1	all
libgdata22	0.18.1-2build1	amd64
libgdbm-compat4	1.23-1	amd64
libgdbm6	1.23-1	amd64
libgdcm-dev	3.0.10-1build2	amd64
libgdcm3.0	3.0.10-1build2	amd64
libgdk-pixbuf-2.0-0	2.42.8+dfsg-1ubuntu0.5	amd64
libgdk-pixbuf-2.0-dev	2.42.8+dfsg-1ubuntu0.5	amd64
libgdk-pixbuf2.0-bin	2.42.8+dfsg-1ubuntu0.5	amd64
libgdk-pixbuf2.0-common	2.42.8+dfsg-1ubuntu0.5	all
libgdm1	42.0-1ubuntu7.22.04.4	amd64
libgee-0.8-2	0.20.5-2	amd64
libgeoclue-2-0	2.5.7-3ubuntu3	amd64
libgeocode-glib0	3.26.2-2build2	amd64
libgeos-c1v5	3.10.2-1	amd64
libgeos-dev	3.10.2-1	amd64
libgeos3.10.2	3.10.2-1	amd64
libgeotiff-dev	1.7.0-2build1	amd64
libgeotiff5	1.7.0-2build1	amd64
libgexiv2-2	0.14.0-1build1	amd64
libgflags-dev	2.2.2-2	amd64
libgflags2.2	2.2.2-2	amd64
libgfortran-11-dev	11.4.0-1ubuntu1~22.04.3	amd64
libgfortran5	12.3.0-1ubuntu1~22.04.3	amd64
libgif-dev	5.1.9-2ubuntu0.3	amd64
libgif7	5.1.9-2ubuntu0.3	amd64
libgirepository-1.0-1	1.72.0-1	amd64
libgjs0g	1.72.4-0ubuntu0.22.04.4	amd64
libgl-dev	1.4.0-1	amd64
libgl1	1.4.0-1	amd64
libgl1-amber-dri	21.3.9-0ubuntu1~22.04.2	amd64
libgl1-mesa-dev	23.2.1-1ubuntu3.1~22.04.4	amd64
libgl1-mesa-dri	23.2.1-1ubuntu3.1~22.04.4	amd64
libgl2ps-dev	1.4.2+dfsg1-2	amd64
libgl2ps1.4	1.4.2+dfsg1-2	amd64
libglapi-mesa	23.2.1-1ubuntu3.1~22.04.4	amd64
libgles-dev	1.4.0-1	amd64
libgles1	1.4.0-1	amd64
libgles2	1.4.0-1	amd64
libglew-dev	2.2.0-4	amd64
libglew2.2	2.2.0-4	amd64
libglib-object-introspection-perl	0.049-1+build2	amd64
libglib-perl	3:1.329.3-2build1	amd64
libglib2.0-0	2.72.4-0ubuntu2.9	amd64
libglib2.0-bin	2.72.4-0ubuntu2.9	amd64
libglib2.0-data	2.72.4-0ubuntu2.9	all
libglib2.0-dev	2.72.4-0ubuntu2.9	amd64
libglib2.0-dev-bin	2.72.4-0ubuntu2.9	amd64
libglibmm-2.4-1v5	2.66.2-2	amd64
libglu1-mesa	9.0.2-1	amd64
libglu1-mesa-dev	9.0.2-1	amd64
libglvnd-core-dev	1.4.0-1	amd64
libglvnd-dev	1.4.0-1	amd64
libglvnd0	1.4.0-1	amd64
libglx-dev	1.4.0-1	amd64
libglx-mesa0	23.2.1-1ubuntu3.1~22.04.4	amd64
libglx0	1.4.0-1	amd64
libgme0	0.6.3-2	amd64
libgmp10	2:6.2.1+dfsg-3ubuntu1	amd64
libgnome-autoar-0-0	0.4.3-1	amd64
libgnome-bg-4-1	42.9-0ubuntu1	amd64
libgnome-bluetooth-3.0-13	42.0-5	amd64
libgnome-bluetooth13	3.34.5-8	amd64
libgnome-desktop-3-19	42.9-0ubuntu1	amd64
libgnome-desktop-4-1	42.9-0ubuntu1	amd64
libgnome-games-support-1-3	1.8.2-1build1	amd64
libgnome-games-support-common	1.8.2-1build1	all
libgnome-menu-3-0	3.36.0-1ubuntu3	amd64
libgnome-todo	3.28.1-6ubuntu1	amd64
libgnomekbd-common	3.26.1-2	all
libgnomekbd8	3.26.1-2	amd64
libgnutls30	3.7.3-4ubuntu1.9	amd64
libgoa-1.0-0b	3.44.0-1ubuntu1	amd64
libgoa-1.0-common	3.44.0-1ubuntu1	all
libgoa-backend-1.0-1	3.44.0-1ubuntu1	amd64
libgom-1.0-0	0.4-1build2	amd64
libgomp1	12.3.0-1ubuntu1~22.04.3	amd64
libgoogle-glog-dev	0.5.0+really0.4.0-2	amd64
libgoogle-glog0v5	0.5.0+really0.4.0-2	amd64
libgpg-error0	1.43-3	amd64
libgpgme11	1.16.0-1.2ubuntu4.2	amd64
libgpgmepp6	1.16.0-1.2ubuntu4.2	amd64
libgphoto2-6	2.5.27-1ubuntu0.1	amd64
libgphoto2-dev	2.5.27-1ubuntu0.1	amd64
libgphoto2-l10n	2.5.27-1ubuntu0.1	all
libgphoto2-port12	2.5.27-1ubuntu0.1	amd64
libgpm2	1.20.7-10build1	amd64
libgpod-common	0.8.3-16build2	amd64
libgpod4	0.8.3-16build2	amd64
libgraphene-1.0-0	1.10.8-1	amd64
libgraphite2-3	1.3.14-1ubuntu0.1	amd64
libgraphite2-dev	1.3.14-1ubuntu0.1	amd64
libgrilo-0.3-0	0.3.14-1build1	amd64
libgs9	9.55.0~dfsg1-0ubuntu5.13	amd64
libgs9-common	9.55.0~dfsg1-0ubuntu5.13	all
libgsf-1-114	1.14.47-1ubuntu0.1	amd64
libgsf-1-common	1.14.47-1ubuntu0.1	all
libgsm1	1.0.19-1	amd64
libgsound0	1.0.3-2build1	amd64
libgspell-1-2	1.9.1-4	amd64
libgspell-1-common	1.9.1-4	all
libgssapi-krb5-2	1.19.2-2ubuntu0.8	amd64
libgssdp-1.2-0	1.4.0.1-2build1	amd64
libgstreamer-gl1.0-0	1.20.1-1ubuntu0.6	amd64
libgstreamer-plugins-base1.0-0	1.20.1-1ubuntu0.6	amd64
libgstreamer-plugins-good1.0-0	1.20.3-0ubuntu1.7	amd64
libgstreamer1.0-0	1.20.3-0ubuntu1.1	amd64
libgtest-dev	1.11.0-3	amd64
libgtk-3-0	3.24.33-1ubuntu2.2	amd64
libgtk-3-bin	3.24.33-1ubuntu2.2	amd64
libgtk-3-common	3.24.33-1ubuntu2.2	all
libgtk-3-dev	3.24.33-1ubuntu2.2	amd64
libgtk-4-1	4.6.9+ds-0ubuntu0.22.04.2	amd64
libgtk-4-bin	4.6.9+ds-0ubuntu0.22.04.2	amd64
libgtk-4-common	4.6.9+ds-0ubuntu0.22.04.2	all
libgtk2.0-0	2.24.33-2ubuntu2.1	amd64
libgtk2.0-bin	2.24.33-2ubuntu2.1	amd64
libgtk2.0-common	2.24.33-2ubuntu2.1	all
libgtk3-perl	0.038-1	all
libgtkmm-3.0-1v5	3.24.5-1build1	amd64
libgtksourceview-4-0	4.8.3-1	amd64
libgtksourceview-4-common	4.8.3-1	all
libgtop-2.0-11	2.40.0-2build3	amd64
libgtop2-common	2.40.0-2build3	all
libgts-0.7-5	0.7.6+darcs121130-5	amd64
libgts-bin	0.7.6+darcs121130-5	amd64
libgudev-1.0-0	1:237-2build1	amd64
libgupnp-1.2-1	1.4.3-1	amd64
libgupnp-av-1.0-3	0.14.0-3	amd64
libgupnp-dlna-2.0-4	0.12.0-3	amd64
libgusb2	0.3.10-1	amd64
libgvc6	2.42.2-6ubuntu0.1	amd64
libgvpr2	2.42.2-6ubuntu0.1	amd64
libgweather-3-16	40.0-5build1	amd64
libgweather-common	40.0-5build1	all
libgxps2	0.3.2-2	amd64
libhandy-1-0	1.6.1-1	amd64
libharfbuzz-dev	2.7.4-1ubuntu3.2	amd64
libharfbuzz-gobject0	2.7.4-1ubuntu3.2	amd64
libharfbuzz-icu0	2.7.4-1ubuntu3.2	amd64
libharfbuzz0b	2.7.4-1ubuntu3.2	amd64
libhdf4-0-alt	4.2.15-4	amd64
libhdf4-alt-dev	4.2.15-4	amd64
libhdf5-103-1	1.10.7+repack-4ubuntu2	amd64
libhdf5-cpp-103-1	1.10.7+repack-4ubuntu2	amd64
libhdf5-dev	1.10.7+repack-4ubuntu2	amd64
libhdf5-fortran-102	1.10.7+repack-4ubuntu2	amd64
libhdf5-hl-100	1.10.7+repack-4ubuntu2	amd64
libhdf5-hl-cpp-100	1.10.7+repack-4ubuntu2	amd64
libhdf5-hl-fortran-100	1.10.7+repack-4ubuntu2	amd64
libhdf5-mpi-dev	1.10.7+repack-4ubuntu2	amd64
libhdf5-openmpi-103-1	1.10.7+repack-4ubuntu2	amd64
libhdf5-openmpi-cpp-103-1	1.10.7+repack-4ubuntu2	amd64
libhdf5-openmpi-dev	1.10.7+repack-4ubuntu2	amd64
libhdf5-openmpi-fortran-102	1.10.7+repack-4ubuntu2	amd64
libhdf5-openmpi-hl-100	1.10.7+repack-4ubuntu2	amd64
libhdf5-openmpi-hl-cpp-100	1.10.7+repack-4ubuntu2	amd64
libhdf5-openmpi-hl-fortran-100	1.10.7+repack-4ubuntu2	amd64
libheif-dev	1.12.0-2build1	amd64
libheif1	1.12.0-2build1	amd64
libhogweed6	3.7.3-1build2	amd64
libhpmud0	3.21.12+dfsg0-1ubuntu0.1	amd64
libhtml-form-perl	6.07-1	all
libhtml-format-perl	2.12-1.1	all
libhtml-parser-perl	3.76-1ubuntu0.1	amd64
libhtml-tagset-perl	3.20-4	all
libhtml-tree-perl	5.07-2	all
libhttp-cookies-perl	6.10-1	all
libhttp-daemon-perl	6.13-1ubuntu0.2	all
libhttp-date-perl	6.05-1ubuntu0.1	all
libhttp-message-perl	6.36-1	all
libhttp-negotiate-perl	6.01-1	all
libhunspell-1.7-0	1.7.0-4build1	amd64
libhwloc-dev	2.7.0-2ubuntu1	amd64
libhwloc-plugins	2.7.0-2ubuntu1	amd64
libhwloc15	2.7.0-2ubuntu1	amd64
libhyphen0	2.8.8-7build2	amd64
libi2c0	4.3-2build1	amd64
libibus-1.0-5	1.5.26-4	amd64
libibus-1.0-dev	1.5.26-4	amd64
libibverbs-dev	39.0-1	amd64
libibverbs1	39.0-1	amd64
libical3	3.0.14-1build1	amd64
libice-dev	2:1.0.10-1build2	amd64
libice6	2:1.0.10-1build2	amd64
libicu-dev	70.1-2	amd64
libicu70	70.1-2	amd64
libidn12	1.38-4ubuntu1.1	amd64
libidn2-0	2.3.2-2build1	amd64
libiec61883-0	1.2.0-4build3	amd64
libieee1284-3	0.2.11-14build2	amd64
libigdgmm12	22.1.2+ds1-1	amd64
libignition-cmake2-dev	2.19.0-1~jammy	amd64
libignition-math6	6.16.0-1~jammy	amd64
libignition-math6-dev	6.16.0-1~jammy	amd64
libijs-0.35	0.35-15build2	amd64
libilmbase-dev	2.5.7-2	amd64
libilmbase25	2.5.7-2	amd64
libimagequant0	2.17.0-1	amd64
libimobiledevice6	1.3.0-6build3	amd64
libinih1	53-1ubuntu3	amd64
libinput-bin	1.20.0-1ubuntu0.4	amd64
libinput10	1.20.0-1ubuntu0.4	amd64
libio-html-perl	1.004-2	all
libio-socket-ssl-perl	2.074-2	all
libio-stringy-perl	2.111-3	all
libip4tc2	1.8.7-1ubuntu5.2	amd64
libip6tc2	1.8.7-1ubuntu5.2	amd64
libipc-system-simple-perl	1.30-1	all
libipt2	2.0.5-1	amd64
libisc-export1105	1:9.11.19+dfsg-2.1ubuntu3	amd64
libisl23	0.24-2build1	amd64
libitm1	12.3.0-1ubuntu1~22.04.3	amd64
libiw30	30~pre9-13.1ubuntu4	amd64
libjack-dev	1:0.125.0-3build2	amd64
libjack0	1:0.125.0-3build2	amd64
libjansson4	2.13.1-1.1build3	amd64
libjavascriptcoregtk-4.0-18	2.50.4-0ubuntu0.22.04.1	amd64
libjavascriptcoregtk-4.1-0	2.50.4-0ubuntu0.22.04.1	amd64
libjbig-dev	2.1-3.1ubuntu0.22.04.1	amd64
libjbig0	2.1-3.1ubuntu0.22.04.1	amd64
libjbig2dec0	0.19-3ubuntu0.1	amd64
libjcat1	0.2.3-1~ubuntu0.22.04.1	amd64
libjpeg-dev	8c-2ubuntu10	amd64
libjpeg-turbo8	2.1.2-0ubuntu1	amd64
libjpeg-turbo8-dev	2.1.2-0ubuntu1	amd64
libjpeg8	8c-2ubuntu10	amd64
libjpeg8-dev	8c-2ubuntu10	amd64
libjq1	1.6-2.1ubuntu3.2	amd64
libjs-highlight.js	9.18.5+dfsg1-1	all
libjs-jquery	3.6.0+dfsg+~3.5.13-1	all
libjs-jquery-hotkeys	0~20130707+git2d51e3a9+dfsg-2ubuntu1	all
libjs-jquery-isonscreen	1.2.0-1.1	all
libjs-jquery-metadata	12-3	all
libjs-jquery-tablesorter	1:2.31.3+dfsg1-3	all
libjs-jquery-throttle-debounce	1.1+dfsg.1-2	all
libjs-jquery-ui	1.13.1+dfsg-1	all
libjs-sphinxdoc	4.3.2-1	all
libjs-underscore	1.13.2~dfsg-2	all
libjson-c-dev	0.15-3~ubuntu1.22.04.2	amd64
libjson-c5	0.15-3~ubuntu1.22.04.2	amd64
libjson-glib-1.0-0	1.6.6-1build1	amd64
libjson-glib-1.0-common	1.6.6-1build1	all
libjsoncpp-dev	1.9.5-3	amd64
libjsoncpp25	1.9.5-3	amd64
libk5crypto3	1.19.2-2ubuntu0.8	amd64
libkeybinder-3.0-0	0.3.2-1.1	amd64
libkeybinder-3.0-dev	0.3.2-1.1	amd64
libkeyutils1	1.6.1-2ubuntu3	amd64
libklibc	2.0.10-4ubuntu0.2	amd64
libkml-dev	1.3.0-9	amd64
libkmlbase1	1.3.0-9	amd64
libkmlconvenience1	1.3.0-9	amd64
libkmldom1	1.3.0-9	amd64
libkmlengine1	1.3.0-9	amd64
libkmlregionator1	1.3.0-9	amd64
libkmlxsd1	1.3.0-9	amd64
libkmod2	29-1ubuntu1.1	amd64
libkpathsea6	2021.20210626.59705-1ubuntu0.3	amd64
libkrb5-3	1.19.2-2ubuntu0.8	amd64
libkrb5support0	1.19.2-2ubuntu0.8	amd64
libksba8	1.6.0-2ubuntu0.2	amd64
liblab-gamut1	2.42.2-6ubuntu0.1	amd64
liblangtag-common	0.6.3-2ubuntu1	all
liblangtag1	0.6.3-2ubuntu1	amd64
liblapack-dev	3.10.0-2ubuntu1	amd64
liblapack3	3.10.0-2ubuntu1	amd64
liblbfgsb0	3.0+dfsg.3-10	amd64
liblcms2-2	2.12~rc1-2ubuntu0.1	amd64
liblcms2-utils	2.12~rc1-2ubuntu0.1	amd64
libldap-2.5-0	2.5.20+dfsg-0ubuntu0.22.04.1	amd64
libldap-common	2.5.20+dfsg-0ubuntu0.22.04.1	all
libldb2	2:2.4.4-0ubuntu0.22.04.2	amd64
liblept5	1.82.0-3build1	amd64
liblilv-0-0	0.24.12-2	amd64
liblirc-client0	0.10.1-6.3ubuntu1	amd64
libllvm13	1:13.0.1-2ubuntu2.2	amd64
libllvm14	1:14.0.0-1ubuntu1.1	amd64
libllvm15	1:15.0.7-0ubuntu0.22.04.3	amd64
liblmdb0	0.9.24-1build2	amd64
liblocale-gettext-perl	1.07-4build3	amd64
liblouis-data	3.20.0-2ubuntu0.2	all
liblouis20	3.20.0-2ubuntu0.2	amd64
liblouisutdml-bin	2.10.0-4	amd64
liblouisutdml-data	2.10.0-4	all
liblouisutdml9	2.10.0-4	amd64
liblsan0	12.3.0-1ubuntu1~22.04.3	amd64
libltdl-dev	2.4.6-15build2	amd64
libltdl7	2.4.6-15build2	amd64
liblua5.3-0	5.3.6-1build1	amd64
liblwp-mediatypes-perl	6.04-1	all
liblwp-protocol-https-perl	6.10-1	all
liblz4-1	1.9.3-2build2	amd64
liblz4-dev	1.9.3-2build2	amd64
liblzma-dev	5.2.5-2ubuntu1.1	amd64
liblzma5	5.2.5-2ubuntu1.1	amd64
liblzo2-2	2.10-2build3	amd64
libmagic-mgc	1:5.41-3ubuntu0.1	amd64
libmagic1	1:5.41-3ubuntu0.1	amd64
libmailtools-perl	2.21-1	all
libmanette-0.2-0	0.2.6-3build1	amd64
libmarisa0	0.2.6-9build1	amd64
libmaxminddb0	1.5.2-1build2	amd64
libmbim-glib4	1.28.0-1~ubuntu20.04.2	amd64
libmbim-proxy	1.28.0-1~ubuntu20.04.2	amd64
libmd0	1.0.4-1build1	amd64
libmd4c0	0.4.8-1	amd64
libmediaart-2.0-0	1.9.5-2build1	amd64
libmessaging-menu0	22.2.0-1	amd64
libmfx1	22.3.0-1	amd64
libmhash2	0.9.9.9-9build2	amd64
libminiupnpc17	2.2.3-1build1	amd64
libminizip-dev	1.1-8build1	amd64
libminizip1	1.1-8build1	amd64
libmm-glib0	1.20.0-1~ubuntu22.04.4	amd64
libmnl0	1.0.4-3build2	amd64
libmount-dev	2.37.2-4ubuntu3.6	amd64
libmount1	2.37.2-4ubuntu3.6	amd64
libmozjs-91-0	91.10.0-0ubuntu1	amd64
libmp3lame0	3.100-3build2	amd64
libmpc3	1.2.1-2build1	amd64
libmpdec3	2.5.1-2build2	amd64
libmpfr6	4.1.0-3build3	amd64
libmpg123-0	1.29.3-1ubuntu0.1	amd64
libmspub-0.1-1	0.1.4-3build3	amd64
libmtdev1	1.1.6-1build4	amd64
libmtp-common	1.1.19-1build1	all
libmtp-runtime	1.1.19-1build1	amd64
libmtp9	1.1.19-1build1	amd64
libmutter-10-0	42.9-0ubuntu9	amd64
libmwaw-0.3-3	0.3.21-1build1	amd64
libmysofa1	1.2.1~dfsg0-1	amd64
libmysqlclient-dev	8.0.46-0ubuntu0.22.04.4	amd64
libmysqlclient21	8.0.46-0ubuntu0.22.04.4	amd64
libmythes-1.2-0	2:1.2.4-4build1	amd64
libnatpmp1	20150609-7.1build2	amd64
libnautilus-extension1a	1:42.6-0ubuntu2	amd64
libncurses6	6.3-2ubuntu0.3	amd64
libncursesw6	6.3-2ubuntu0.3	amd64
libndp0	1.8-0ubuntu3.1	amd64
libnet-dbus-perl	1.2.0-1build3	amd64
libnet-http-perl	6.22-1	all
libnet-smtp-ssl-perl	1.04-1	all
libnet-ssleay-perl	1.92-1build2	amd64
libnetcdf-c++4	4.2-12build1	amd64
libnetcdf-cxx-legacy-dev	4.2-12build1	amd64
libnetcdf-dev	1:4.8.1-1	amd64
libnetcdf19	1:4.8.1-1	amd64
libnetfilter-conntrack3	1.0.9-1	amd64
libnetplan0	0.107.1-3ubuntu0.22.04.4	amd64
libnettle8	3.7.3-1build2	amd64
libnewt0.52	0.52.21-5ubuntu2	amd64
libnfnetlink0	1.0.1-3build3	amd64
libnfs13	4.0.0-1ubuntu0.1	amd64
libnfsidmap1	1:2.6.1-1ubuntu1.2	amd64
libnftables1	1.0.2-1ubuntu3.1	amd64
libnftnl11	1.2.1-1build1	amd64
libnghttp2-14	1.43.0-1ubuntu0.4	amd64
libnl-3-200	3.5.0-0.1	amd64
libnl-3-dev	3.5.0-0.1	amd64
libnl-genl-3-200	3.5.0-0.1	amd64
libnl-route-3-200	3.5.0-0.1	amd64
libnl-route-3-dev	3.5.0-0.1	amd64
libnm0	1.36.6-0ubuntu2.4	amd64
libnma-common	1.8.34-1ubuntu1	all
libnma0	1.8.34-1ubuntu1	amd64
libnode72	12.22.9~dfsg-1ubuntu3.6	amd64
libnorm1	1.5.9+dfsg-2	amd64
libnotify-bin	0.7.9-3ubuntu5.22.04.1	amd64
libnotify4	0.7.9-3ubuntu5.22.04.1	amd64
libnpth0	1.6-3build2	amd64
libnsl-dev	1.3.0-2build2	amd64
libnsl2	1.3.0-2build2	amd64
libnspr4	2:4.35-0ubuntu0.22.04.1	amd64
libnss-mdns	0.15.1-1ubuntu1	amd64
libnss-systemd	249.11-0ubuntu3.22	amd64
libnss3	2:3.98-0ubuntu0.22.04.4	amd64
libntfs-3g89	1:2021.8.22-3ubuntu1.4	amd64
libnuma-dev	2.0.14-3ubuntu2	amd64
libnuma1	2.0.14-3ubuntu2	amd64
liboctomap-dev	1.9.7+dfsg-3	amd64
liboctomap1.9	1.9.7+dfsg-3	amd64
libodbc2	2.3.9-5ubuntu0.1	amd64
libodbccr2	2.3.9-5ubuntu0.1	amd64
libodbcinst2	2.3.9-5ubuntu0.1	amd64
libodfgen-0.1-1	0.1.8-2build2	amd64
libogdi-dev	4.1.0+ds-5	amd64
libogdi4.1	4.1.0+ds-5	amd64
libogg-dev	1.3.5-0ubuntu3	amd64
libogg0	1.3.5-0ubuntu3	amd64
libomp-14-dev	1:14.0.0-1ubuntu1.1	amd64
libomp-dev	1:14.0-55~exp2	amd64
libomp5-14	1:14.0.0-1ubuntu1.1	amd64
libonig5	6.9.7.1-2build1	amd64
libopenal-data	1:1.19.1-2build3	all
libopenal1	1:1.19.1-2build3	amd64
libopenblas-dev	0.3.20+ds-1	amd64
libopenblas-pthread-dev	0.3.20+ds-1	amd64
libopenblas0	0.3.20+ds-1	amd64
libopenblas0-pthread	0.3.20+ds-1	amd64
libopencc-data	1.1.3+ds1-3ubuntu3.1	all
libopencc1.1	1.1.3+ds1-3ubuntu3.1	amd64
libopencore-amrnb0	0.1.5-1	amd64
libopencore-amrwb0	0.1.5-1	amd64
libopencv-calib3d-dev	4.5.4+dfsg-9ubuntu4	amd64
libopencv-calib3d4.5d	4.5.4+dfsg-9ubuntu4	amd64
libopencv-contrib-dev	4.5.4+dfsg-9ubuntu4	amd64
libopencv-contrib4.5d	4.5.4+dfsg-9ubuntu4	amd64
libopencv-core-dev	4.5.4+dfsg-9ubuntu4	amd64
libopencv-core4.5d	4.5.4+dfsg-9ubuntu4	amd64
libopencv-dev	4.5.4+dfsg-9ubuntu4	amd64
libopencv-dnn-dev	4.5.4+dfsg-9ubuntu4	amd64
libopencv-dnn4.5d	4.5.4+dfsg-9ubuntu4	amd64
libopencv-features2d-dev	4.5.4+dfsg-9ubuntu4	amd64
libopencv-features2d4.5d	4.5.4+dfsg-9ubuntu4	amd64
libopencv-flann-dev	4.5.4+dfsg-9ubuntu4	amd64
libopencv-flann4.5d	4.5.4+dfsg-9ubuntu4	amd64
libopencv-highgui-dev	4.5.4+dfsg-9ubuntu4	amd64
libopencv-highgui4.5d	4.5.4+dfsg-9ubuntu4	amd64
libopencv-imgcodecs-dev	4.5.4+dfsg-9ubuntu4	amd64
libopencv-imgcodecs4.5d	4.5.4+dfsg-9ubuntu4	amd64
libopencv-imgproc-dev	4.5.4+dfsg-9ubuntu4	amd64
libopencv-imgproc4.5d	4.5.4+dfsg-9ubuntu4	amd64
libopencv-ml-dev	4.5.4+dfsg-9ubuntu4	amd64
libopencv-ml4.5d	4.5.4+dfsg-9ubuntu4	amd64
libopencv-objdetect-dev	4.5.4+dfsg-9ubuntu4	amd64
libopencv-objdetect4.5d	4.5.4+dfsg-9ubuntu4	amd64
libopencv-photo-dev	4.5.4+dfsg-9ubuntu4	amd64
libopencv-photo4.5d	4.5.4+dfsg-9ubuntu4	amd64
libopencv-shape-dev	4.5.4+dfsg-9ubuntu4	amd64
libopencv-shape4.5d	4.5.4+dfsg-9ubuntu4	amd64
libopencv-stitching-dev	4.5.4+dfsg-9ubuntu4	amd64
libopencv-stitching4.5d	4.5.4+dfsg-9ubuntu4	amd64
libopencv-superres-dev	4.5.4+dfsg-9ubuntu4	amd64
libopencv-superres4.5d	4.5.4+dfsg-9ubuntu4	amd64
libopencv-video-dev	4.5.4+dfsg-9ubuntu4	amd64
libopencv-video4.5d	4.5.4+dfsg-9ubuntu4	amd64
libopencv-videoio-dev	4.5.4+dfsg-9ubuntu4	amd64
libopencv-videoio4.5d	4.5.4+dfsg-9ubuntu4	amd64
libopencv-videostab-dev	4.5.4+dfsg-9ubuntu4	amd64
libopencv-videostab4.5d	4.5.4+dfsg-9ubuntu4	amd64
libopencv-viz-dev	4.5.4+dfsg-9ubuntu4	amd64
libopencv-viz4.5d	4.5.4+dfsg-9ubuntu4	amd64
libopencv4.5-java	4.5.4+dfsg-9ubuntu4	amd64
libopencv4.5d-jni	4.5.4+dfsg-9ubuntu4	amd64
libopenexr-dev	2.5.7-1	amd64
libopenexr25	2.5.7-1	amd64
libopengl-dev	1.4.0-1	amd64
libopengl0	1.4.0-1	amd64
libopenjp2-7	2.4.0-6ubuntu0.5	amd64
libopenjp2-7-dev	2.4.0-6ubuntu0.5	amd64
libopenmpi-dev	4.1.2-2ubuntu1	amd64
libopenmpi3	4.1.2-2ubuntu1	amd64
libopenmpt0	0.6.1-1	amd64
libopenni-dev	1.5.4.0+dfsg-5	amd64
libopenni-sensor-pointclouds0	5.1.0.41.9-4	amd64
libopenni0	1.5.4.0+dfsg-5	amd64
libopenni2-0	2.2.0.33+dfsg-15	amd64
libopenni2-dev	2.2.0.33+dfsg-15	amd64
libopus0	1.3.1-0.1build2	amd64
liborc-0.4-0	1:0.4.32-2ubuntu0.1	amd64
liborcus-0.17-0	0.17.2-2	amd64
liborcus-parser-0.17-0	0.17.2-2	amd64
liborocos-kdl-dev	1.5.1-2build1	amd64
liborocos-kdl1.5	1.5.1-2build1	amd64
libp11-kit0	0.24.0-6ubuntu0.1	amd64
libpackagekit-glib2-18	1.2.5-2ubuntu3.1	amd64
libpagemaker-0.0-0	0.0.4-1build3	amd64
libpam-cap	1:2.44-1ubuntu0.22.04.3	amd64
libpam-fprintd	1.94.2-1ubuntu0.22.04.1	amd64
libpam-gnome-keyring	40.0-3ubuntu3	amd64
libpam-modules	1.4.0-11ubuntu2.8	amd64
libpam-modules-bin	1.4.0-11ubuntu2.8	amd64
libpam-pwquality	1.4.4-1build2	amd64
libpam-runtime	1.4.0-11ubuntu2.8	all
libpam-sss	2.6.3-1ubuntu3.9	amd64
libpam-systemd	249.11-0ubuntu3.22	amd64
libpam0g	1.4.0-11ubuntu2.8	amd64
libpango-1.0-0	1.50.6+ds-2ubuntu1	amd64
libpango1.0-dev	1.50.6+ds-2ubuntu1	amd64
libpangocairo-1.0-0	1.50.6+ds-2ubuntu1	amd64
libpangoft2-1.0-0	1.50.6+ds-2ubuntu1	amd64
libpangomm-1.4-1v5	2.46.2-1	amd64
libpangoxft-1.0-0	1.50.6+ds-2ubuntu1	amd64
libpaper-utils	1.1.28build2	amd64
libpaper1	1.1.28build2	amd64
libparted-fs-resize0	3.4-2build1	amd64
libparted2	3.4-2build1	amd64
libpathplan4	2.42.2-6ubuntu0.1	amd64
libpcap0.8	1.10.1-4ubuntu1.22.04.1	amd64
libpcaudio0	1.1-6build2	amd64
libpci3	1:3.7.0-6	amd64
libpciaccess-dev	0.16-3	amd64
libpciaccess0	0.16-3	amd64
libpcl-apps1.12	1.12.1+dfsg-3build1	amd64
libpcl-common1.12	1.12.1+dfsg-3build1	amd64
libpcl-dev	1.12.1+dfsg-3build1	amd64
libpcl-features1.12	1.12.1+dfsg-3build1	amd64
libpcl-filters1.12	1.12.1+dfsg-3build1	amd64
libpcl-io1.12	1.12.1+dfsg-3build1	amd64
libpcl-kdtree1.12	1.12.1+dfsg-3build1	amd64
libpcl-keypoints1.12	1.12.1+dfsg-3build1	amd64
libpcl-ml1.12	1.12.1+dfsg-3build1	amd64
libpcl-octree1.12	1.12.1+dfsg-3build1	amd64
libpcl-outofcore1.12	1.12.1+dfsg-3build1	amd64
libpcl-people1.12	1.12.1+dfsg-3build1	amd64
libpcl-recognition1.12	1.12.1+dfsg-3build1	amd64
libpcl-registration1.12	1.12.1+dfsg-3build1	amd64
libpcl-sample-consensus1.12	1.12.1+dfsg-3build1	amd64
libpcl-search1.12	1.12.1+dfsg-3build1	amd64
libpcl-segmentation1.12	1.12.1+dfsg-3build1	amd64
libpcl-stereo1.12	1.12.1+dfsg-3build1	amd64
libpcl-surface1.12	1.12.1+dfsg-3build1	amd64
libpcl-tracking1.12	1.12.1+dfsg-3build1	amd64
libpcl-visualization1.12	1.12.1+dfsg-3build1	amd64
libpcre16-3	2:8.39-13ubuntu0.22.04.1	amd64
libpcre2-16-0	10.39-3ubuntu0.1	amd64
libpcre2-32-0	10.39-3ubuntu0.1	amd64
libpcre2-8-0	10.39-3ubuntu0.1	amd64
libpcre2-dev	10.39-3ubuntu0.1	amd64
libpcre2-posix3	10.39-3ubuntu0.1	amd64
libpcre3	2:8.39-13ubuntu0.22.04.1	amd64
libpcre3-dev	2:8.39-13ubuntu0.22.04.1	amd64
libpcre32-3	2:8.39-13ubuntu0.22.04.1	amd64
libpcrecpp0v5	2:8.39-13ubuntu0.22.04.1	amd64
libpcsclite1	1.9.5-3ubuntu1	amd64
libpeas-1.0-0	1.32.0-1	amd64
libpeas-common	1.32.0-1	all
libperl5.34	5.34.0-3ubuntu1.8	amd64
libpgm-5.3-0	5.3.128~dfsg-2	amd64
libphonenumber8	8.12.44-1	amd64
libpinyin-data	2.6.1-1build1	amd64
libpinyin13	2.6.1-1build1	amd64
libpipeline1	1.5.5-1	amd64
libpipewire-0.3-0	0.3.48-1ubuntu3.2	amd64
libpipewire-0.3-common	0.3.48-1ubuntu3.2	all
libpipewire-0.3-modules	0.3.48-1ubuntu3.2	amd64
libpixman-1-0	0.40.0-1ubuntu0.22.04.1	amd64
libpixman-1-dev	0.40.0-1ubuntu0.22.04.1	amd64
libpkcs11-helper1	1.28-1ubuntu0.22.04.1	amd64
libplist3	2.2.0-6build2	amd64
libplymouth5	0.9.5+git20211018-1ubuntu3	amd64
libpmix-dev	4.1.2-2ubuntu1	amd64
libpmix2	4.1.2-2ubuntu1	amd64
libpng-dev	1.6.37-3ubuntu0.6	amd64
libpng-tools	1.6.37-3ubuntu0.6	amd64
libpng16-16	1.6.37-3ubuntu0.6	amd64
libpocketsphinx3	0.8.0+real5prealpha+1-14ubuntu1	amd64
libpolkit-agent-1-0	0.105-33ubuntu0.1	amd64
libpolkit-gobject-1-0	0.105-33ubuntu0.1	amd64
libpoppler-cpp0v5	22.02.0-2ubuntu0.13	amd64
libpoppler-dev	22.02.0-2ubuntu0.13	amd64
libpoppler-glib8	22.02.0-2ubuntu0.13	amd64
libpoppler-private-dev	22.02.0-2ubuntu0.13	amd64
libpoppler118	22.02.0-2ubuntu0.13	amd64
libpopt0	1.18-3build1	amd64
libportaudio2	19.6.0-1.1	amd64
libportaudiocpp0	19.6.0-1.1	amd64
libpostproc55	7:4.4.2-0ubuntu0.22.04.1	amd64
libpq-dev	14.24-0ubuntu0.22.04.1	amd64
libpq5	14.24-0ubuntu0.22.04.1	amd64
libprocps8	2:3.3.17-6ubuntu2.1	amd64
libproj-dev	8.2.1-1	amd64
libproj22	8.2.1-1	amd64
libprotobuf-c1	1.3.3-1ubuntu2.1	amd64
libprotobuf23	3.12.4-1ubuntu7.22.04.6	amd64
libproxy1-plugin-gsettings	0.4.17-2	amd64
libproxy1-plugin-networkmanager	0.4.17-2	amd64
libproxy1v5	0.4.17-2	amd64
libpsl5	0.21.0-1.2build2	amd64
libpsm-infinipath1	3.3+20.604758e7-6.1	amd64
libpsm2-2	11.2.185-1	amd64
libpthread-stubs0-dev	0.4-1build2	amd64
libpulse-dev	1:15.99.1+dfsg1-1ubuntu2.2	amd64
libpulse-mainloop-glib0	1:15.99.1+dfsg1-1ubuntu2.2	amd64
libpulse0	1:15.99.1+dfsg1-1ubuntu2.2	amd64
libpulsedsp	1:15.99.1+dfsg1-1ubuntu2.2	amd64
libpwquality-common	1.4.4-1build2	all
libpwquality1	1.4.4-1build2	amd64
libpyside2-dev	5.15.2-2build2	amd64
libpyside2-py3-5.15	5.15.2-2build2	amd64
libpython3-dev	3.10.6-1~22.04.1	amd64
libpython3-stdlib	3.10.6-1~22.04.1	amd64
libpython3.10	3.10.12-1~22.04.16	amd64
libpython3.10-dev	3.10.12-1~22.04.16	amd64
libpython3.10-minimal	3.10.12-1~22.04.16	amd64
libpython3.10-stdlib	3.10.12-1~22.04.16	amd64
libpython3.11-minimal	3.11.0~rc1-1~22.04.1	amd64
libpython3.11-stdlib	3.11.0~rc1-1~22.04.1	amd64
libqhull-dev	2020.2-4	amd64
libqhull-r8.0	2020.2-4	amd64
libqhull8.0	2020.2-4	amd64
libqhullcpp8.0	2020.2-4	amd64
libqmi-glib5	1.32.0-1ubuntu0.22.04.1	amd64
libqmi-proxy	1.32.0-1ubuntu0.22.04.1	amd64
libqpdf28	10.6.3-1ubuntu0.1	amd64
libqqwing2v5	1.3.4-1.1ubuntu3	amd64
libqt5concurrent5	5.15.3+dfsg-2ubuntu0.2	amd64
libqt5core5a	5.15.3+dfsg-2ubuntu0.2	amd64
libqt5dbus5	5.15.3+dfsg-2ubuntu0.2	amd64
libqt5designer5	5.15.3-1	amd64
libqt5designercomponents5	5.15.3-1	amd64
libqt5gui5	5.15.3+dfsg-2ubuntu0.2	amd64
libqt5help5	5.15.3-1	amd64
libqt5network5	5.15.3+dfsg-2ubuntu0.2	amd64
libqt5opengl5	5.15.3+dfsg-2ubuntu0.2	amd64
libqt5opengl5-dev	5.15.3+dfsg-2ubuntu0.2	amd64
libqt5positioning5	5.15.3+dfsg-3	amd64
libqt5printsupport5	5.15.3+dfsg-2ubuntu0.2	amd64
libqt5qml5	5.15.3+dfsg-1	amd64
libqt5qmlmodels5	5.15.3+dfsg-1	amd64
libqt5qmlworkerscript5	5.15.3+dfsg-1	amd64
libqt5quick5	5.15.3+dfsg-1	amd64
libqt5quickparticles5	5.15.3+dfsg-1	amd64
libqt5quickshapes5	5.15.3+dfsg-1	amd64
libqt5quicktest5	5.15.3+dfsg-1	amd64
libqt5quickwidgets5	5.15.3+dfsg-1	amd64
libqt5sensors5	5.15.3-1	amd64
libqt5sql5	5.15.3+dfsg-2ubuntu0.2	amd64
libqt5sql5-sqlite	5.15.3+dfsg-2ubuntu0.2	amd64
libqt5svg5	5.15.3-1	amd64
libqt5test5	5.15.3+dfsg-2ubuntu0.2	amd64
libqt5webchannel5	5.15.3-1	amd64
libqt5webkit5	5.212.0~alpha4-15ubuntu1	amd64
libqt5webkit5-dev	5.212.0~alpha4-15ubuntu1	amd64
libqt5widgets5	5.15.3+dfsg-2ubuntu0.2	amd64
libqt5xml5	5.15.3+dfsg-2ubuntu0.2	amd64
libquadmath0	12.3.0-1ubuntu1~22.04.3	amd64
librabbitmq4	0.10.0-1ubuntu2.2	amd64
libraptor2-0	2.0.15-0ubuntu4.1	amd64
libraqm0	0.7.0-4ubuntu1	amd64
librasqal3	0.9.33-0.2ubuntu1	amd64
libraw1394-11	2.1.2-2build2	amd64
libraw1394-dev	2.1.2-2build2	amd64
libraw1394-tools	2.1.2-2build2	amd64
libraw20	0.20.2-2ubuntu2.22.04.3	amd64
librdf0	1.0.17-1.1ubuntu3	amd64
librdmacm1	39.0-1	amd64
libreadline8	8.1.2-1	amd64
libreoffice-base-core	1:7.3.7-0ubuntu0.22.04.12	amd64
libreoffice-calc	1:7.3.7-0ubuntu0.22.04.12	amd64
libreoffice-common	1:7.3.7-0ubuntu0.22.04.12	all
libreoffice-core	1:7.3.7-0ubuntu0.22.04.12	amd64
libreoffice-draw	1:7.3.7-0ubuntu0.22.04.12	amd64
libreoffice-gnome	1:7.3.7-0ubuntu0.22.04.12	amd64
libreoffice-gtk3	1:7.3.7-0ubuntu0.22.04.12	amd64
libreoffice-help-common	1:7.3.7-0ubuntu0.22.04.12	all
libreoffice-help-en-us	1:7.3.7-0ubuntu0.22.04.12	all
libreoffice-help-zh-cn	1:7.3.7-0ubuntu0.22.04.12	all
libreoffice-impress	1:7.3.7-0ubuntu0.22.04.12	amd64
libreoffice-l10n-zh-cn	1:7.3.7-0ubuntu0.22.04.12	all
libreoffice-math	1:7.3.7-0ubuntu0.22.04.12	amd64
libreoffice-ogltrans	1:7.3.7-0ubuntu0.22.04.12	all
libreoffice-pdfimport	1:7.3.7-0ubuntu0.22.04.12	all
libreoffice-style-breeze	1:7.3.7-0ubuntu0.22.04.12	all
libreoffice-style-colibre	1:7.3.7-0ubuntu0.22.04.12	all
libreoffice-style-elementary	1:7.3.7-0ubuntu0.22.04.12	all
libreoffice-style-yaru	1:7.3.7-0ubuntu0.22.04.12	all
libreoffice-writer	1:7.3.7-0ubuntu0.22.04.12	amd64
librest-0.7-0	0.8.1-1.1build2	amd64
librevenge-0.0-0	0.0.4-6ubuntu7	amd64
librhash0	1.4.2-1ubuntu1	amd64
librhythmbox-core10	3.4.4-5ubuntu1	amd64
librsvg2-2	2.52.5+dfsg-3ubuntu0.2	amd64
librsvg2-common	2.52.5+dfsg-3ubuntu0.2	amd64
librsync2	2.3.2-1ubuntu1	amd64
librtmp1	2.4+20151223.gitfa8646d.1-2build4	amd64
librttopo-dev	1.1.0-2	amd64
librttopo1	1.1.0-2	amd64
librubberband2	2.0.0-2	amd64
librygel-core-2.6-2	0.40.3-1ubuntu2	amd64
librygel-db-2.6-2	0.40.3-1ubuntu2	amd64
librygel-renderer-2.6-2	0.40.3-1ubuntu2	amd64
librygel-server-2.6-2	0.40.3-1ubuntu2	amd64
libsamplerate0	0.2.2-1build1	amd64
libsane-common	1.1.1-5	all
libsane-hpaio	3.21.12+dfsg0-1ubuntu0.1	amd64
libsane1	1.1.1-5	amd64
libsasl2-2	2.1.27+dfsg2-3ubuntu1.2	amd64
libsasl2-modules	2.1.27+dfsg2-3ubuntu1.2	amd64
libsasl2-modules-db	2.1.27+dfsg2-3ubuntu1.2	amd64
libsasl2-modules-gssapi-mit	2.1.27+dfsg2-3ubuntu1.2	amd64
libsbc1	1.5-3build2	amd64
libsdl2-2.0-0	2.0.20+dfsg-2ubuntu1.22.04.1	amd64
libsdl2-dev	2.0.20+dfsg-2ubuntu1.22.04.1	amd64
libseccomp2	2.5.3-2ubuntu3~22.04.1	amd64
libsecret-1-0	0.20.5-2	amd64
libsecret-common	0.20.5-2	all
libselinux1	3.3-1build2	amd64
libselinux1-dev	3.3-1build2	amd64
libsemanage-common	3.3-1build2	all
libsemanage2	3.3-1build2	amd64
libsensors-config	1:3.6.0-7ubuntu1	all
libsensors5	1:3.6.0-7ubuntu1	amd64
libsepol-dev	3.3-1build1	amd64
libsepol2	3.3-1build1	amd64
libserd-0-0	0.30.10-2	amd64
libserf-1-1	1.3.9-10ubuntu2	amd64
libsgutils2-2	1.46-1ubuntu0.22.04.1	amd64
libshiboken2-dev	5.15.2-2build2	amd64
libshiboken2-py3-5.15	5.15.2-2build2	amd64
libshine3	3.1.1-2	amd64
libshout3	2.4.5-1build3	amd64
libsigc++-2.0-0v5	2.10.4-2ubuntu3	amd64
libsigsegv2	2.13-1ubuntu3	amd64
libslang2	2.3.2-5build4	amd64
libsm-dev	2:1.2.3-1build2	amd64
libsm6	2:1.2.3-1build2	amd64
libsmartcols1	2.37.2-4ubuntu3.6	amd64
libsmbclient	2:4.15.13+dfsg-0ubuntu1.13	amd64
libsnapd-glib1	1.60-0ubuntu1	amd64
libsnappy1v5	1.1.8-1build3	amd64
libsndfile1	1.0.31-2ubuntu0.2	amd64
libsndio-dev	1.8.1-1.1	amd64
libsndio7.0	1.8.1-1.1	amd64
libsnmp-base	5.9.1+dfsg-1ubuntu2.9	all
libsnmp40	5.9.1+dfsg-1ubuntu2.9	amd64
libsocket++1	1.12.13+git20131030.5d039ba-1	amd64
libsodium23	1.0.18-1ubuntu0.22.04.1	amd64
libsonic0	0.2.0-11build1	amd64
libsord-0-0	0.16.8-2	amd64
libsoup-3.0-0	3.0.7-0ubuntu1	amd64
libsoup-3.0-common	3.0.7-0ubuntu1	all
libsoup-gnome2.4-1	2.74.2-3ubuntu0.7	amd64
libsoup2.4-1	2.74.2-3ubuntu0.7	amd64
libsoup2.4-common	2.74.2-3ubuntu0.7	all
libsource-highlight-common	3.1.9-4.1build2	all
libsource-highlight4v5	3.1.9-4.1build2	amd64
libsox-fmt-alsa	14.4.2+git20190427-2+deb11u2ubuntu0.22.04.1	amd64
libsox-fmt-base	14.4.2+git20190427-2+deb11u2ubuntu0.22.04.1	amd64
libsox3	14.4.2+git20190427-2+deb11u2ubuntu0.22.04.1	amd64
libsoxr0	0.1.3-4build2	amd64
libspa-0.2-modules	0.3.48-1ubuntu3.2	amd64
libspatialite-dev	5.0.1-2build2	amd64
libspatialite7	5.0.1-2build2	amd64
libspdlog-dev	1:1.9.2+ds-0.2	amd64
libspdlog1	1:1.9.2+ds-0.2	amd64
libspectre1	0.2.10-1	amd64
libspeechd2	0.11.1-1ubuntu3	amd64
libspeex1	1.2~rc1.2-1.1ubuntu3	amd64
libspeexdsp1	1.2~rc1.2-1.1ubuntu3	amd64
libsphinxbase3	0.8+5prealpha+1-13build1	amd64
libsqlite3-0	3.37.2-2ubuntu0.7	amd64
libsqlite3-dev	3.37.2-2ubuntu0.7	amd64
libsratom-0-0	0.6.8-1	amd64
libsrt1.4-gnutls	1.4.4-4	amd64
libss2	1.46.5-2ubuntu1.2	amd64
libssh-4	0.9.6-2ubuntu0.22.04.8	amd64
libssh-gcrypt-4	0.9.6-2ubuntu0.22.04.8	amd64
libssl-dev	3.0.2-0ubuntu1.29	amd64
libssl3	3.0.2-0ubuntu1.29	amd64
libstartup-notification0	0.12-6build2	amd64
libstdc++-11-dev	11.4.0-1ubuntu1~22.04.3	amd64
libstdc++6	12.3.0-1ubuntu1~22.04.3	amd64
libstemmer0d	2.2.0-1build1	amd64
libsuitesparseconfig5	1:5.10.1+dfsg-4build1	amd64
libsuperlu-dev	5.3.0+dfsg1-2	amd64
libsuperlu5	5.3.0+dfsg1-2	amd64
libsvn1	1.14.1-3ubuntu0.22.04.1	amd64
libswresample-dev	7:4.4.2-0ubuntu0.22.04.1	amd64
libswresample3	7:4.4.2-0ubuntu0.22.04.1	amd64
libswscale-dev	7:4.4.2-0ubuntu0.22.04.1	amd64
libswscale5	7:4.4.2-0ubuntu0.22.04.1	amd64
libsynctex2	2021.20210626.59705-1ubuntu0.3	amd64
libsysmetrics1	1.7.1ubuntu0.1	amd64
libsystemd0	249.11-0ubuntu3.22	amd64
libsz2	1.0.6-1	amd64
libtag1v5	1.11.1+dfsg.1-3ubuntu3	amd64
libtag1v5-vanilla	1.11.1+dfsg.1-3ubuntu3	amd64
libtalloc2	2.3.3-2build1	amd64
libtasn1-6	4.18.0-4ubuntu0.2	amd64
libtbb-dev	2021.5.0-7ubuntu2	amd64
libtbb12	2021.5.0-7ubuntu2	amd64
libtbb2	2020.3-1ubuntu3	amd64
libtbbmalloc2	2021.5.0-7ubuntu2	amd64
libtcl8.6	8.6.12+dfsg-1build1	amd64
libtdb1	1.4.5-2build1	amd64
libteamdctl0	1.31-1build2	amd64
libtesseract4	4.1.1-2.1build1	amd64
libtevent0	0.11.0-1build1	amd64
libtext-charwidth-perl	0.04-10build3	amd64
libtext-iconv-perl	1.7-7build3	amd64
libtext-wrapi18n-perl	0.06-9	all
libthai-data	0.1.29-1build1	all
libthai-dev	0.1.29-1build1	amd64
libthai0	0.1.29-1build1	amd64
libtheora-dev	1.1.1+dfsg.1-15ubuntu4	amd64
libtheora0	1.1.1+dfsg.1-15ubuntu4	amd64
libtie-ixhash-perl	1.23-2.1	all
libtiff-dev	4.3.0-6ubuntu0.13	amd64
libtiff5	4.3.0-6ubuntu0.13	amd64
libtiffxx5	4.3.0-6ubuntu0.13	amd64
libtimedate-perl	2.3300-2	all
libtinfo6	6.3-2ubuntu0.3	amd64
libtinyxml-dev	2.6.2-6ubuntu0.22.04.1	amd64
libtinyxml2-9	9.0.0+dfsg-3	amd64
libtinyxml2-dev	9.0.0+dfsg-3	amd64
libtinyxml2.6.2v5	2.6.2-6ubuntu0.22.04.1	amd64
libtirpc-common	1.3.2-2ubuntu0.1	all
libtirpc-dev	1.3.2-2ubuntu0.1	amd64
libtirpc3	1.3.2-2ubuntu0.1	amd64
libtk8.6	8.6.12-1build1	amd64
libtool	2.4.6-15build2	all
libtotem-plparser-common	3.26.6-1build1	all
libtotem-plparser18	3.26.6-1build1	amd64
libtotem0	42.0-1ubuntu1	amd64
libtraceevent1	1:1.3.3-1	amd64
libtracker-sparql-3.0-0	3.3.0-1	amd64
libtry-tiny-perl	0.31-1	all
libtsan0	11.4.0-1ubuntu1~22.04.3	amd64
libtss2-esys-3.0.2-0	3.2.0-1ubuntu1.1	amd64
libtss2-mu0	3.2.0-1ubuntu1.1	amd64
libtss2-sys1	3.2.0-1ubuntu1.1	amd64
libtss2-tcti-cmd0	3.2.0-1ubuntu1.1	amd64
libtss2-tcti-device0	3.2.0-1ubuntu1.1	amd64
libtss2-tcti-mssim0	3.2.0-1ubuntu1.1	amd64
libtss2-tcti-swtpm0	3.2.0-1ubuntu1.1	amd64
libtwolame0	0.4.0-2build2	amd64
libu2f-udev	1.1.10-3build2	all
libubsan1	12.3.0-1ubuntu1~22.04.3	amd64
libuchardet0	0.0.7-1build2	amd64
libucx0	1.12.1~rc2-1	amd64
libudev-dev	249.11-0ubuntu3.22	amd64
libudev1	249.11-0ubuntu3.22	amd64
libudfread0	1.1.2-1	amd64
libudisks2-0	2.9.4-1ubuntu2.3	amd64
libunistring2	1.0-1	amd64
libunity-protocol-private0	7.1.4+19.04.20190319-6build1	amd64
libunity-scopes-json-def-desktop	7.1.4+19.04.20190319-6build1	all
libunity9	7.1.4+19.04.20190319-6build1	amd64
libuno-cppu3	1:7.3.7-0ubuntu0.22.04.12	amd64
libuno-cppuhelpergcc3-3	1:7.3.7-0ubuntu0.22.04.12	amd64
libuno-purpenvhelpergcc3-3	1:7.3.7-0ubuntu0.22.04.12	amd64
libuno-sal3	1:7.3.7-0ubuntu0.22.04.12	amd64
libuno-salhelpergcc3-3	1:7.3.7-0ubuntu0.22.04.12	amd64
libunwind-dev	1.3.2-2build2.1	amd64
libunwind8	1.3.2-2build2.1	amd64
libupower-glib3	0.99.17-1	amd64
liburi-perl	5.10-1	all
liburiparser-dev	0.9.6+dfsg-1	amd64
liburiparser1	0.9.6+dfsg-1	amd64
libusb-1.0-0	2:1.0.25-1ubuntu2	amd64
libusb-1.0-0-dev	2:1.0.25-1ubuntu2	amd64
libusb-1.0-doc	2:1.0.25-1ubuntu2	all
libusbmuxd6	2.0.2-3build2	amd64
libutf8proc2	2.7.0-3	amd64
libutfcpp-dev	3.2.1-2	amd64
libuuid1	2.37.2-4ubuntu3.6	amd64
libuv1	1.43.0-1ubuntu0.1	amd64
libv4l-0	1.22.1-2build1	amd64
libv4lconvert0	1.22.1-2build1	amd64
libva-drm2	2.14.0-1	amd64
libva-x11-2	2.14.0-1	amd64
libva2	2.14.0-1	amd64
libvdpau1	1.4-3build2	amd64
libvidstab1.1	1.1.0-2	amd64
libvisio-0.1-1	0.1.7-1build5	amd64
libvisual-0.4-0	0.4.0-17build2	amd64
libvncclient1	0.9.13+dfsg-3ubuntu0.2	amd64
libvncserver1	0.9.13+dfsg-3ubuntu0.2	amd64
libvolume-key1	0.3.12-3.1build3	amd64
libvorbis0a	1.3.7-1build2	amd64
libvorbisenc2	1.3.7-1build2	amd64
libvorbisfile3	1.3.7-1build2	amd64
libvpx7	1.11.0-2ubuntu2.5	amd64
libvte-2.91-0	0.68.0-1ubuntu0.1	amd64
libvte-2.91-common	0.68.0-1ubuntu0.1	amd64
libvtk9-dev	9.1.0+really9.1.0+dfsg2-3build1	amd64
libvtk9-java	9.1.0+really9.1.0+dfsg2-3build1	amd64
libvtk9-qt-dev	9.1.0+really9.1.0+dfsg2-3build1	amd64
libvtk9.1	9.1.0+really9.1.0+dfsg2-3build1	amd64
libvtk9.1-qt	9.1.0+really9.1.0+dfsg2-3build1	amd64
libvulkan-dev	1.3.204.1-2	amd64
libvulkan1	1.3.204.1-2	amd64
libwacom-bin	2.2.0-1	amd64
libwacom-common	2.2.0-1	all
libwacom9	2.2.0-1	amd64
libwavpack1	5.4.0-1build2	amd64
libwayland-bin	1.20.0-1ubuntu0.1	amd64
libwayland-client0	1.20.0-1ubuntu0.1	amd64
libwayland-cursor0	1.20.0-1ubuntu0.1	amd64
libwayland-dev	1.20.0-1ubuntu0.1	amd64
libwayland-egl1	1.20.0-1ubuntu0.1	amd64
libwayland-server0	1.20.0-1ubuntu0.1	amd64
libwbclient0	2:4.15.13+dfsg-0ubuntu1.13	amd64
libwebkit2gtk-4.0-37	2.50.4-0ubuntu0.22.04.1	amd64
libwebkit2gtk-4.1-0	2.50.4-0ubuntu0.22.04.1	amd64
libwebp-dev	1.2.2-2ubuntu0.22.04.2	amd64
libwebp7	1.2.2-2ubuntu0.22.04.2	amd64
libwebpdemux2	1.2.2-2ubuntu0.22.04.2	amd64
libwebpmux3	1.2.2-2ubuntu0.22.04.2	amd64
libwebrtc-audio-processing1	0.3.1-0ubuntu5	amd64
libwhoopsie-preferences0	23	amd64
libwhoopsie0	0.2.77	amd64
libwinpr2-2	2.6.1+dfsg1-3ubuntu2.11	amd64
libwmf-0.2-7	0.2.12-5ubuntu1	amd64
libwmf-0.2-7-gtk	0.2.12-5ubuntu1	amd64
libwmf0.2-7-gtk	0.2.12-5ubuntu1	amd64
libwmflite-0.2-7	0.2.12-5ubuntu1	amd64
libwnck-3-0	40.1-1	amd64
libwnck-3-common	40.1-1	all
libwoff1	1.0.2-1build4	amd64
libwpd-0.10-10	0.10.3-2build1	amd64
libwpg-0.3-3	0.3.3-1build3	amd64
libwps-0.4-4	0.4.12-2build1	amd64
libwrap0	7.6.q-31build2	amd64
libwww-perl	6.61-1ubuntu0.1	all
libwww-robotrules-perl	6.02-1	all
libx11-6	2:1.7.5-1ubuntu0.3	amd64
libx11-data	2:1.7.5-1ubuntu0.3	all
libx11-dev	2:1.7.5-1ubuntu0.3	amd64
libx11-protocol-perl	0.56-7.1	all
libx11-xcb1	2:1.7.5-1ubuntu0.3	amd64
libx264-163	2:0.163.3060+git5db6aa6-2build1	amd64
libx265-199	3.5-2	amd64
libx265-dev	3.5-2	amd64
libx86-1	1.1+ds1-12	amd64
libxatracker2	23.2.1-1ubuntu3.1~22.04.4	amd64
libxau-dev	1:1.0.9-1build5	amd64
libxau6	1:1.0.9-1build5	amd64
libxaw7	2:1.0.14-1	amd64
libxaw7-dev	2:1.0.14-1	amd64
libxcb-dri2-0	1.14-3ubuntu3	amd64
libxcb-dri3-0	1.14-3ubuntu3	amd64
libxcb-glx0	1.14-3ubuntu3	amd64
libxcb-icccm4	0.4.1-1.1build2	amd64
libxcb-image0	0.4.0-2	amd64
libxcb-keysyms1	0.4.0-1build3	amd64
libxcb-present0	1.14-3ubuntu3	amd64
libxcb-randr0	1.14-3ubuntu3	amd64
libxcb-render-util0	0.3.9-1build3	amd64
libxcb-render0	1.14-3ubuntu3	amd64
libxcb-render0-dev	1.14-3ubuntu3	amd64
libxcb-res0	1.14-3ubuntu3	amd64
libxcb-shape0	1.14-3ubuntu3	amd64
libxcb-shm0	1.14-3ubuntu3	amd64
libxcb-shm0-dev	1.14-3ubuntu3	amd64
libxcb-sync1	1.14-3ubuntu3	amd64
libxcb-util1	0.4.0-1build2	amd64
libxcb-xfixes0	1.14-3ubuntu3	amd64
libxcb-xinerama0	1.14-3ubuntu3	amd64
libxcb-xinput0	1.14-3ubuntu3	amd64
libxcb-xkb1	1.14-3ubuntu3	amd64
libxcb-xv0	1.14-3ubuntu3	amd64
libxcb1	1.14-3ubuntu3	amd64
libxcb1-dev	1.14-3ubuntu3	amd64
libxcomposite-dev	1:0.4.5-1build2	amd64
libxcomposite1	1:0.4.5-1build2	amd64
libxcursor-dev	1:1.2.0-2build4	amd64
libxcursor1	1:1.2.0-2build4	amd64
libxcvt0	0.1.1-3	amd64
libxdamage-dev	1:1.1.5-2build2	amd64
libxdamage1	1:1.1.5-2build2	amd64
libxdmcp-dev	1:1.1.3-0ubuntu5	amd64
libxdmcp6	1:1.1.3-0ubuntu5	amd64
libxerces-c-dev	3.2.3+debian-3ubuntu0.1	amd64
libxerces-c3.2	3.2.3+debian-3ubuntu0.1	amd64
libxext-dev	2:1.3.4-1build1	amd64
libxext6	2:1.3.4-1build1	amd64
libxfixes-dev	1:6.0.0-1	amd64
libxfixes3	1:6.0.0-1	amd64
libxfont2	1:2.0.5-1ubuntu0.2	amd64
libxft-dev	2.3.4-1	amd64
libxft2	2.3.4-1	amd64
libxi-dev	2:1.8-1build1	amd64
libxi6	2:1.8-1build1	amd64
libxinerama-dev	2:1.1.4-3	amd64
libxinerama1	2:1.1.4-3	amd64
libxkbcommon-dev	1.4.0-1	amd64
libxkbcommon-x11-0	1.4.0-1	amd64
libxkbcommon0	1.4.0-1	amd64
libxkbfile1	1:1.1.0-1build3	amd64
libxkbregistry0	1.4.0-1	amd64
libxklavier16	5.4-4build2	amd64
libxml-parser-perl	2.46-3ubuntu0.1	amd64
libxml-twig-perl	1:3.52-1	all
libxml-xpathengine-perl	0.14-1	all
libxml2	2.9.13+dfsg-1ubuntu0.12	amd64
libxml2-dev	2.9.13+dfsg-1ubuntu0.12	amd64
libxml2-utils	2.9.13+dfsg-1ubuntu0.12	amd64
libxmlb2	0.3.24-1~ubuntu0.22.04.1	amd64
libxmlsec1	1.2.33-1build2	amd64
libxmlsec1-nss	1.2.33-1build2	amd64
libxmu-dev	2:1.1.3-3	amd64
libxmu-headers	2:1.1.3-3	all
libxmu6	2:1.1.3-3	amd64
libxmuu1	2:1.1.3-3	amd64
libxnvctrl0	510.47.03-0ubuntu1.22.04.1	amd64
libxpm-dev	1:3.5.12-1ubuntu0.22.04.3	amd64
libxpm4	1:3.5.12-1ubuntu0.22.04.3	amd64
libxrandr-dev	2:1.5.2-1build1	amd64
libxrandr2	2:1.5.2-1build1	amd64
libxrender-dev	1:0.9.10-1build4	amd64
libxrender1	1:0.9.10-1build4	amd64
libxres1	2:1.2.1-1	amd64
libxshmfence1	1.3-1build4	amd64
libxsimd-dev	7.6.0-2	amd64
libxslt1.1	1.1.34-4ubuntu0.22.04.5	amd64
libxss-dev	1:1.2.3-1build2	amd64
libxss1	1:1.2.3-1build2	amd64
libxt-dev	1:1.2.1-1	amd64
libxt6	1:1.2.1-1	amd64
libxtables12	1.8.7-1ubuntu5.2	amd64
libxtst-dev	2:1.2.3-1build4	amd64
libxtst6	2:1.2.3-1build4	amd64
libxv-dev	2:1.0.11-1build2	amd64
libxv1	2:1.0.11-1build2	amd64
libxvidcore4	2:1.3.7-1	amd64
libxvmc1	2:1.0.12-2build2	amd64
libxxf86dga1	2:1.1.5-0ubuntu3	amd64
libxxf86vm-dev	1:1.1.4-1build3	amd64
libxxf86vm1	1:1.1.4-1build3	amd64
libxxhash0	0.8.1-1	amd64
libyajl2	2.1.0-3ubuntu0.22.04.1	amd64
libyaml-0-2	0.2.2-1build2	amd64
libyaml-cpp-dev	0.7.0+dfsg-8build1	amd64
libyaml-cpp0.7	0.7.0+dfsg-8build1	amd64
libyaml-dev	0.2.2-1build2	amd64
libyelp0	42.1-1ubuntu0.2	amd64
libz3-4	4.8.12-1	amd64
libzimg2	3.0.3+ds1-1	amd64
libzmq5	4.3.4-2	amd64
libzstd-dev	1.4.8+dfsg-3build1	amd64
libzstd1	1.4.8+dfsg-3build1	amd64
libzvbi-common	0.2.35-19	all
libzvbi0	0.2.35-19	amd64
linux-base	4.5ubuntu9+22.04.1	all
linux-firmware	20220329.git681281e4-0ubuntu3.42	all
linux-generic-hwe-22.04	6.8.0-138.138~22.04.1	amd64
linux-headers-6.2.0-26-generic	6.2.0-26.26~22.04.1	amd64
linux-headers-6.8.0-138-generic	6.8.0-138.138~22.04.1	amd64
linux-headers-generic-hwe-22.04	6.8.0-138.138~22.04.1	amd64
linux-hwe-6.2-headers-6.2.0-26	6.2.0-26.26~22.04.1	all
linux-hwe-6.8-headers-6.8.0-138	6.8.0-138.138~22.04.1	all
linux-hwe-6.8-tools-6.8.0-138	6.8.0-138.138~22.04.1	amd64
linux-image-6.2.0-26-generic	6.2.0-26.26~22.04.1	amd64
linux-image-6.8.0-138-generic	6.8.0-138.138~22.04.1	amd64
linux-image-generic-hwe-22.04	6.8.0-138.138~22.04.1	amd64
linux-libc-dev	5.15.0-191.201	amd64
linux-modules-6.2.0-26-generic	6.2.0-26.26~22.04.1	amd64
linux-modules-6.8.0-138-generic	6.8.0-138.138~22.04.1	amd64
linux-modules-extra-6.2.0-26-generic	6.2.0-26.26~22.04.1	amd64
linux-modules-extra-6.8.0-138-generic	6.8.0-138.138~22.04.1	amd64
linux-sound-base	1.0.25+dfsg-0ubuntu7	all
linux-tools-6.8.0-138-generic	6.8.0-138.138~22.04.1	amd64
linux-tools-common	5.15.0-191.201	all
lmclient	3.1.8+2026071611	amd64
locales	2.35-0ubuntu3.14	all
localsend	1.18.2+64	amd64
login	1:4.8.1-2ubuntu2.2	amd64
logrotate	3.19.0-1ubuntu1.1	amd64
logsave	1.46.5-2ubuntu1.2	amd64
lp-solve	5.5.2.5-2build2	amd64
lsb-base	11.1.0ubuntu4	all
lsb-release	11.1.0ubuntu4	all
lshw	02.19.git.2021.06.19.996aaad9c7-2ubuntu0.22.04.1	amd64
lsof	4.93.2+dfsg-1.1build2	amd64
lto-disabled-list	24	all
lz4	1.9.3-2build2	amd64
m4	1.4.18-5ubuntu2	amd64
mailcap	3.70+nmu1ubuntu1.22.04.1	all
make	4.3-4.1build1	amd64
man-db	2.10.2-1	amd64
manpages	5.10-1ubuntu1	all
manpages-dev	5.10-1ubuntu1	all
mawk	1.3.4.20200120-3	amd64
media-player-info	24-2	all
media-types	7.0.0	all
memtest86+	5.31b+dfsg-4	amd64
mercurial	6.1.1-1ubuntu1	amd64
mercurial-common	6.1.1-1ubuntu1	all
mesa-va-drivers	23.2.1-1ubuntu3.1~22.04.4	amd64
mesa-vdpau-drivers	23.2.1-1ubuntu3.1~22.04.4	amd64
mesa-vulkan-drivers	23.2.1-1ubuntu3.1~22.04.4	amd64
mime-support	3.66	all
mobile-broadband-provider-info	20220315-1	all
modemmanager	1.20.0-1~ubuntu22.04.4	amd64
mokutil	0.6.0-2~22.04.2	amd64
mount	2.37.2-4ubuntu3.6	amd64
mousetweaks	3.32.0-3build2	amd64
mpi-default-bin	1.14	amd64
mpi-default-dev	1.14	amd64
mscompress	0.4-9build1	amd64
mtr-tiny	0.95-1	amd64
mutter-common	42.9-0ubuntu9	all
mysql-common	5.8+1.0.8	all
mythes-en-us	1:7.2.0-2	all
nano	6.2-1ubuntu0.2	amd64
nautilus	1:42.6-0ubuntu2	amd64
nautilus-data	1:42.6-0ubuntu2	all
nautilus-extension-gnome-terminal	3.44.0-1ubuntu1	amd64
nautilus-sendto	3.8.6-4	amd64
nautilus-share	0.7.3-2ubuntu6	amd64
ncurses-base	6.3-2ubuntu0.3	all
ncurses-bin	6.3-2ubuntu0.3	amd64
ncurses-term	6.3-2ubuntu0.3	all
net-tools	1.60+git20181103.0eebece-1ubuntu5.4	amd64
netbase	6.3	all
netcat-openbsd	1.218-4ubuntu1	amd64
netplan-generator	0.107.1-3ubuntu0.22.04.4	amd64
netplan.io	0.107.1-3ubuntu0.22.04.4	amd64
network-manager	1.36.6-0ubuntu2.4	amd64
network-manager-config-connectivity-ubuntu	1.36.6-0ubuntu2.4	all
network-manager-gnome	1.24.0-1ubuntu3	amd64
network-manager-openvpn	1.8.18-1ubuntu0.2	amd64
network-manager-openvpn-gnome	1.8.18-1ubuntu0.2	amd64
network-manager-pptp	1.2.10-1	amd64
network-manager-pptp-gnome	1.2.10-1	amd64
networkd-dispatcher	2.1-2ubuntu0.22.04.2	all
nfs-common	1:2.6.1-1ubuntu1.2	amd64
nfs-kernel-server	1:2.6.1-1ubuntu1.2	amd64
nftables	1.0.2-1ubuntu3.1	amd64
nlohmann-json3-dev	3.10.5-2	all
nodejs	20.20.2-1nodesource1	amd64
ntfs-3g	1:2021.8.22-3ubuntu1.4	amd64
ocl-icd-libopencl1	2.2.14-3	amd64
opencv-data	4.5.4+dfsg-9ubuntu4	all
openjdk-11-jdk	11.0.32+9-1ubuntu1~22.04	amd64
openjdk-11-jdk-headless	11.0.32+9-1ubuntu1~22.04	amd64
openjdk-11-jre	11.0.32+9-1ubuntu1~22.04	amd64
openjdk-11-jre-headless	11.0.32+9-1ubuntu1~22.04	amd64
openmpi-bin	4.1.2-2ubuntu1	amd64
openmpi-common	4.1.2-2ubuntu1	all
openni-utils	1.5.4.0+dfsg-5	amd64
openprinting-ppds	20220223-0ubuntu1	all
openssh-client	1:8.9p1-3ubuntu0.17	amd64
openssh-server	1:8.9p1-3ubuntu0.17	amd64
openssh-sftp-server	1:8.9p1-3ubuntu0.17	amd64
openssl	3.0.2-0ubuntu1.29	amd64
openvpn	2.5.11-0ubuntu0.22.04.4	amd64
orbbecsdk	2.9.3	amd64
orca	42.0-1ubuntu2	all
os-prober	1.79ubuntu2	amd64
p11-kit	0.24.0-6ubuntu0.1	amd64
p11-kit-modules	0.24.0-6ubuntu0.1	amd64
packagekit	1.2.5-2ubuntu3.1	amd64
packagekit-tools	1.2.5-2ubuntu3.1	amd64
pango1.0-tools	1.50.6+ds-2ubuntu1	amd64
parted	3.4-2build1	amd64
passwd	1:4.8.1-2ubuntu2.2	amd64
patch	2.7.6-7build2	amd64
pci.ids	0.0~2022.01.22-1ubuntu0.1	all
pciutils	1:3.7.0-6	amd64
pcmciautils	018-13build1	amd64
perl	5.34.0-3ubuntu1.8	amd64
perl-base	5.34.0-3ubuntu1.8	amd64
perl-modules-5.34	5.34.0-3ubuntu1.8	all
perl-openssl-defaults	5build2	amd64
pinentry-curses	1.1.1-1build2	amd64
pinentry-gnome3	1.1.1-1build2	amd64
pipewire	0.3.48-1ubuntu3.2	amd64
pipewire-bin	0.3.48-1ubuntu3.2	amd64
pipewire-media-session	0.4.1-2ubuntu1	amd64
pkexec	0.105-33ubuntu0.1	amd64
pkg-config	0.29.2-1ubuntu3	amd64
plymouth	0.9.5+git20211018-1ubuntu3	amd64
plymouth-label	0.9.5+git20211018-1ubuntu3	amd64
plymouth-theme-spinner	0.9.5+git20211018-1ubuntu3	amd64
plymouth-theme-ubuntu-text	0.9.5+git20211018-1ubuntu3	amd64
pocketsphinx-en-us	0.8.0+real5prealpha+1-14ubuntu1	all
policykit-1	0.105-33ubuntu0.1	amd64
policykit-desktop-privileges	0.21	all
polkitd	0.105-33ubuntu0.1	amd64
poppler-data	0.4.11-1	all
poppler-utils	22.02.0-2ubuntu0.13	amd64
portaudio19-dev	19.6.0-1.1	amd64
power-profiles-daemon	0.10.1-3	amd64
powermgmt-base	1.36ubuntu0.22.04.1	all
ppp	2.4.9-1+1ubuntu3	amd64
pptp-linux	1.10.0-1build3	amd64
printer-driver-brlaser	6-3	amd64
printer-driver-c2esp	27-11build1	amd64
printer-driver-foo2zjs	20200505dfsg0-2ubuntu2.22.04.1	amd64
printer-driver-foo2zjs-common	20200505dfsg0-2ubuntu2.22.04.1	all
printer-driver-hpcups	3.21.12+dfsg0-1ubuntu0.1	amd64
printer-driver-m2300w	0.51-15build1	amd64
printer-driver-min12xxw	0.0.9-11build2	amd64
printer-driver-pnm2ppa	1.13+nondbs-0ubuntu9	amd64
printer-driver-postscript-hp	3.21.12+dfsg0-1ubuntu0.1	amd64
printer-driver-ptouch	1.6-2build1	amd64
printer-driver-pxljr	1.4+repack0-6build1	amd64
printer-driver-sag-gdi	0.1-8	all
printer-driver-splix	2.0.0+svn315-7fakesync1ubuntu0.22.04.1	amd64
procps	2:3.3.17-6ubuntu2.1	amd64
proj-bin	8.2.1-1	amd64
proj-data	8.2.1-1	all
psmisc	23.4-2build3	amd64
publicsuffix	20211207.1025-1	all
pulseaudio	1:15.99.1+dfsg1-1ubuntu2.2	amd64
pulseaudio-module-bluetooth	1:15.99.1+dfsg1-1ubuntu2.2	amd64
pulseaudio-utils	1:15.99.1+dfsg1-1ubuntu2.2	amd64
pybind11-dev	2.9.1-2	all
pydocstyle	6.1.1-1	all
pyflakes3	2.4.0-2	all
pyqt5-dev	5.15.6+dfsg-1ubuntu3	all
python-apt-common	2.4.0ubuntu4.1	all
python-babel-localedata	2.8.0+dfsg.1-7	all
python-matplotlib-data	3.5.1-2build1	all
python3	3.10.6-1~22.04.1	amd64
python3-appdirs	1.4.4-2	all
python3-apport	2.20.11-0ubuntu82.10	all
python3-apt	2.4.0ubuntu4.1	amd64
python3-aptdaemon	1.1.1+bzr982-0ubuntu39	all
python3-aptdaemon.gtk3widgets	1.1.1+bzr982-0ubuntu39	all
python3-argcomplete	1.8.1-1.5	all
python3-attr	21.2.0-1ubuntu1	all
python3-babel	2.8.0+dfsg.1-7	all
python3-bcrypt	3.2.0-1build1	amd64
python3-beniget	0.4.1-2	all
python3-blinker	1.4+dfsg1-0.4	all
python3-bloom	0.14.3+upstream-1	all
python3-breezy	3.2.1+bzr7585-1build1	amd64
python3-brlapi	6.4-4ubuntu3	amd64
python3-brotli	1.0.9-2build6	amd64
python3-bs4	4.10.0-2	all
python3-cairo	1.20.1-3build1	amd64
python3-catkin-pkg	1.1.0-101	all
python3-catkin-pkg-modules	1.1.0-2	all
python3-certifi	2020.6.20-1	all
python3-cffi-backend	1.15.0-1build2	amd64
python3-chardet	4.0.0-1	all
python3-click	8.0.3-1	all
python3-colcon-argcomplete	0.3.3+upstream-1	all
python3-colcon-bash	0.5.0-100	all
python3-colcon-cd	0.2.1-100	all
python3-colcon-cmake	0.2.30+upstream-1	all
python3-colcon-common-extensions	0.3.0-100	all
python3-colcon-core	0.21.0+upstream-1	all
python3-colcon-defaults	0.2.9+upstream-1	all
python3-colcon-devtools	0.3.0-100	all
python3-colcon-installed-package-information	0.2.1-100	all
python3-colcon-library-path	0.2.1-100	all
python3-colcon-metadata	0.2.5-100	all
python3-colcon-mixin	0.2.3-100	all
python3-colcon-notification	0.3.1+upstream-1	all
python3-colcon-output	0.2.14+upstream-1	all
python3-colcon-override-check	0.0.1-100	all
python3-colcon-package-information	0.4.1+upstream-1	all
python3-colcon-package-selection	0.2.10-100	all
python3-colcon-parallel-executor	0.3.0-100	all
python3-colcon-pkg-config	0.1.0-100	all
python3-colcon-powershell	0.5.0+upstream-1	all
python3-colcon-python-setup-py	0.2.9-100	all
python3-colcon-recursive-crawl	0.2.3-100	all
python3-colcon-ros	0.5.0+upstream-1	all
python3-colcon-test-result	0.3.8-100	all
python3-colcon-zsh	0.5.0-100	all
python3-colorama	0.4.4-1	all
python3-commandnotfound	22.04.0	all
python3-configobj	5.0.6-5ubuntu0.1	all
python3-cov-core	1.15.0-3build1	all
python3-coverage	6.2+dfsg1-2build1	amd64
python3-cryptography	3.4.8-1ubuntu2.4	amd64
python3-cups	2.0.1-5build1	amd64
python3-cupshelpers	1.5.16-0ubuntu3	all
python3-cycler	0.11.0-1	all
python3-dateutil	2.8.1-6	all
python3-dbus	1.2.18-3build1	amd64
python3-debconf	1.5.79ubuntu1	all
python3-debian	0.1.43ubuntu1.1	all
python3-decorator	4.4.2-0ubuntu1	all
python3-defer	1.0.6-2.1ubuntu1	all
python3-deprecated	1.2.13-2	all
python3-dev	3.10.6-1~22.04.1	amd64
python3-distlib	0.3.4-1	all
python3-distro	1.7.0-1	all
python3-distro-info	1.1ubuntu0.2	all
python3-distupgrade	1:22.04.21	all
python3-distutils	3.10.8-1~22.04	all
python3-docutils	0.17.1+dfsg-2	all
python3-dulwich	0.20.31-1.1build1	amd64
python3-empy	3.3.4-2	all
python3-fastbencode	0.0.5-1build1	amd64
python3-fasteners	0.14.1-2	all
python3-fastimport	0.9.14-2.1	all
python3-flake8	4.0.1-2	all
python3-fonttools	4.29.1-2build1	amd64
python3-fs	2.4.12-1	all
python3-future	0.18.2-5ubuntu0.1	all
python3-gast	0.5.2-2	all
python3-gdbm	3.10.8-1~22.04	amd64
python3-gi	3.42.1-0ubuntu1	amd64
python3-gi-cairo	3.42.1-0ubuntu1	amd64
python3-github	1.55-1	all
python3-gitlab	1:2.10.1-2	all
python3-gpg	1.16.0-1.2ubuntu4.2	amd64
python3-html5lib	1.1-3	all
python3-httplib2	0.20.2-2ubuntu0.1	all
python3-ibus-1.0	1.5.26-4	all
python3-idna	3.3-1ubuntu0.2	all
python3-importlib-metadata	4.6.4-1	all
python3-iniconfig	1.1.1-2	all
python3-jeepney	0.7.1-3	all
python3-jinja2	3.0.3-1ubuntu0.4	all
python3-jwt	2.3.0-1ubuntu0.3	all
python3-keyring	23.5.0-1	all
python3-kiwisolver	1.3.2-1build1	amd64
python3-lark	1.1.1-1	all
python3-launchpadlib	1.10.16-1	all
python3-lazr.restfulclient	0.14.4-1	all
python3-lazr.uri	1.0.6-2	all
python3-ldb	2:2.4.4-0ubuntu0.22.04.2	amd64
python3-lib2to3	3.10.8-1~22.04	all
python3-lockfile	1:0.12.2-2.2	all
python3-louis	3.20.0-2ubuntu0.2	all
python3-lxml	4.8.0-1build1	amd64
python3-lz4	3.1.3+dfsg-1build3	amd64
python3-macaroonbakery	1.3.1-2ubuntu0.1	all
python3-mako	1.1.3+ds1-2ubuntu0.2	all
python3-markupsafe	2.0.1-2build1	amd64
python3-matplotlib	3.5.1-2build1	amd64
python3-mccabe	0.6.1-3	all
python3-minimal	3.10.6-1~22.04.1	amd64
python3-monotonic	1.6-2	all
python3-more-itertools	8.10.0-2	all
python3-mpi4py	3.1.3-1build2	amd64
python3-mpmath	1.2.1-2	all
python3-nacl	1.5.0-2	amd64
python3-netifaces	0.11.0-1build2	amd64
python3-netplan	0.107.1-3ubuntu0.22.04.4	amd64
python3-nose2	0.9.2-1	all
python3-notify2	0.3-4	all
python3-numpy	1:1.21.5-1ubuntu22.04.1	amd64
python3-oauthlib	3.2.0-1ubuntu0.1	all
python3-olefile	0.46-3	all
python3-opencv	4.5.4+dfsg-9ubuntu4	amd64
python3-packaging	21.3-1	all
python3-paramiko	2.9.3-0ubuntu1.3	all
python3-patiencediff	0.2.1-1build3	amd64
python3-pexpect	4.8.0-2ubuntu1	all
python3-pil	9.0.1-1ubuntu0.5	amd64
python3-pil.imagetk	9.0.1-1ubuntu0.5	amd64
python3-pip	22.0.2+dfsg-1ubuntu0.7	all
python3-pip-whl	22.0.2+dfsg-1ubuntu0.7	all
python3-pkg-resources	59.6.0-1.2ubuntu0.22.04.3	all
python3-pluggy	0.13.0-7.1	all
python3-ply	3.11-5	all
python3-problem-report	2.20.11-0ubuntu82.10	all
python3-protobuf	3.12.4-1ubuntu7.22.04.6	amd64
python3-psutil	5.9.0-1build1	amd64
python3-ptyprocess	0.7.0-3	all
python3-py	1.10.0-1	all
python3-pyatspi	2.38.2-1	all
python3-pycodestyle	2.8.0-2	all
python3-pydocstyle	6.1.1-1	all
python3-pydot	1.4.2-1build1	all
python3-pyflakes	2.4.0-2	all
python3-pygments	2.11.2+dfsg-2ubuntu0.1	all
python3-pykdl	1.5.1-2build1	amd64
python3-pymacaroons	0.13.0-4	all
python3-pyparsing	2.4.7-1	all
python3-pyqt5	5.15.6+dfsg-1ubuntu3	amd64
python3-pyqt5.qtsvg	5.15.6+dfsg-1ubuntu3	amd64
python3-pyqt5.sip	12.9.1-1build1	amd64
python3-pyside2.qtcore	5.15.2-2build2	amd64
python3-pyside2.qtgui	5.15.2-2build2	amd64
python3-pyside2.qtsvg	5.15.2-2build2	amd64
python3-pyside2.qtwidgets	5.15.2-2build2	amd64
python3-pytest	6.2.5-1ubuntu2	all
python3-pytest-cov	3.0.0-1	all
python3-pythran	0.10.0+ds2-1	amd64
python3-renderpm	3.6.8-1ubuntu0.1	amd64
python3-reportlab	3.6.8-1ubuntu0.1	all
python3-reportlab-accel	3.6.8-1ubuntu0.1	amd64
python3-requests	2.25.1+dfsg-2ubuntu0.3	all
python3-requests-toolbelt	0.9.1-1	all
python3-rfc3339	1.1-3	all
python3-roman	3.3-1	all
python3-rosdep	0.26.0-1	all
python3-rosdep-modules	0.26.0-1	all
python3-rosdistro	1.0.1-100	all
python3-rosdistro-modules	1.0.1-1	all
python3-rospkg-modules	1.6.1-1	all
python3-scipy	1.8.0-1exp2ubuntu1	amd64
python3-secretstorage	3.3.1-1	all
python3-serial	3.5-1	all
python3-setuptools	59.6.0-1.2ubuntu0.22.04.3	all
python3-setuptools-whl	59.6.0-1.2ubuntu0.22.04.3	all
python3-sip	4.19.25+dfsg-3build1	amd64
python3-sip-dev	4.19.25+dfsg-3build1	amd64
python3-six	1.16.0-3ubuntu1	all
python3-snowballstemmer	2.2.0-1build1	all
python3-software-properties	0.99.22.9	all
python3-soupsieve	2.3.1-1	all
python3-speechd	0.11.1-1ubuntu3	all
python3-sympy	1.9-1	all
python3-systemd	234-3ubuntu2	amd64
python3-talloc	2.3.3-2build1	amd64
python3-tk	3.10.8-1~22.04	amd64
python3-toml	0.10.2-1	all
python3-typeguard	2.2.2-1.1	all
python3-tz	2022.1-1ubuntu0.22.04.1	all
python3-ufolib2	0.13.1+dfsg1-1	all
python3-unicodedata2	14.0.0+ds-8	amd64
python3-uno	1:7.3.7-0ubuntu0.22.04.12	amd64
python3-update-manager	1:22.04.22	all
python3-urllib3	1.26.5-1~exp1ubuntu0.7	all
python3-vcstool	0.3.0-1	all
python3-vcstools	0.1.42-4	all
python3-venv	3.10.6-1~22.04.1	amd64
python3-vtk9	9.1.0+really9.1.0+dfsg2-3build1	amd64
python3-wadllib	1.3.6-1	all
python3-webencodings	0.5.1-4	all
python3-wheel	0.37.1-2ubuntu0.22.04.1	all
python3-wrapt	1.13.3-1build1	amd64
python3-xdg	0.27-2	all
python3-xkit	0.5.0ubuntu5	all
python3-yaml	5.4.1-1ubuntu1	amd64
python3-zipp	1.0.0-3ubuntu0.1	all
python3.10	3.10.12-1~22.04.16	amd64
python3.10-dev	3.10.12-1~22.04.16	amd64
python3.10-minimal	3.10.12-1~22.04.16	amd64
python3.10-venv	3.10.12-1~22.04.16	amd64
python3.11	3.11.0~rc1-1~22.04.1	amd64
python3.11-minimal	3.11.0~rc1-1~22.04.1	amd64
python3.11-venv	3.11.0~rc1-1~22.04.1	amd64
qdoc-qt5	5.15.3-1	amd64
qemu-user-static	1:6.2+dfsg-2ubuntu6.31	amd64
qhelpgenerator-qt5	5.15.3-1	amd64
qt5-assistant	5.15.3-1	amd64
qt5-gtk-platformtheme	5.15.3+dfsg-2ubuntu0.2	amd64
qt5-qmake	5.15.3+dfsg-2ubuntu0.2	amd64
qt5-qmake-bin	5.15.3+dfsg-2ubuntu0.2	amd64
qt5-qmltooling-plugins	5.15.3+dfsg-1	amd64
qtattributionsscanner-qt5	5.15.3-1	amd64
qtbase5-dev	5.15.3+dfsg-2ubuntu0.2	amd64
qtbase5-dev-tools	5.15.3+dfsg-2ubuntu0.2	amd64
qtchooser	66-2build1	amd64
qtdeclarative5-dev	5.15.3+dfsg-1	amd64
qtdeclarative5-dev-tools	5.15.3+dfsg-1	amd64
qttools5-dev	5.15.3-1	amd64
qttools5-dev-tools	5.15.3-1	amd64
qttools5-private-dev	5.15.3-1	amd64
qttranslations5-l10n	5.15.3-1	all
read-edid	3.0.2-1.1	amd64
readline-common	8.1.2-1	all
remmina	1.4.25+dfsg-1ubuntu0.1	amd64
remmina-common	1.4.25+dfsg-1ubuntu0.1	all
remmina-plugin-rdp	1.4.25+dfsg-1ubuntu0.1	amd64
remmina-plugin-secret	1.4.25+dfsg-1ubuntu0.1	amd64
remmina-plugin-vnc	1.4.25+dfsg-1ubuntu0.1	amd64
rfkill	2.37.2-4ubuntu3.6	amd64
rhythmbox	3.4.4-5ubuntu1	amd64
rhythmbox-data	3.4.4-5ubuntu1	all
rhythmbox-plugin-alternative-toolbar	0.20.2-1	all
rhythmbox-plugins	3.4.4-5ubuntu1	amd64
ros-build-essential	1.0.1	all
ros-dev-tools	1.0.1	all
ros-humble-action-msgs	1.2.3-1jammy.20260718.011317	amd64
ros-humble-action-tutorials-cpp	0.20.9-1jammy.20260726.113924	amd64
ros-humble-action-tutorials-interfaces	0.20.9-1jammy.20260718.011804	amd64
ros-humble-action-tutorials-py	0.20.9-1jammy.20260724.024653	amd64
ros-humble-actionlib-msgs	4.9.2-1jammy.20260718.021647	amd64
ros-humble-ament-cmake	1.3.14-1jammy.20260226.035055	amd64
ros-humble-ament-cmake-auto	1.3.14-1jammy.20260304.074922	amd64
ros-humble-ament-cmake-copyright	0.12.15-1jammy.20260304.195729	amd64
ros-humble-ament-cmake-core	1.3.14-1jammy.20260224.185609	amd64
ros-humble-ament-cmake-cppcheck	0.12.15-1jammy.20260304.195901	amd64
ros-humble-ament-cmake-cpplint	0.12.15-1jammy.20260304.195910	amd64
ros-humble-ament-cmake-export-definitions	1.3.14-1jammy.20260226.010509	amd64
ros-humble-ament-cmake-export-dependencies	1.3.14-1jammy.20260226.011144	amd64
ros-humble-ament-cmake-export-include-directories	1.3.14-1jammy.20260226.010305	amd64
ros-humble-ament-cmake-export-interfaces	1.3.14-1jammy.20260226.005715	amd64
ros-humble-ament-cmake-export-libraries	1.3.14-1jammy.20260226.004939	amd64
ros-humble-ament-cmake-export-link-flags	1.3.14-1jammy.20260226.010357	amd64
ros-humble-ament-cmake-export-targets	1.3.14-1jammy.20260226.005705	amd64
ros-humble-ament-cmake-flake8	0.12.15-1jammy.20260304.200009	amd64
ros-humble-ament-cmake-gen-version-h	1.3.14-1jammy.20260226.034234	amd64
ros-humble-ament-cmake-gmock	1.3.14-1jammy.20260226.034220	amd64
ros-humble-ament-cmake-gtest	1.3.14-1jammy.20260226.013944	amd64
ros-humble-ament-cmake-include-directories	1.3.14-1jammy.20260226.010650	amd64
ros-humble-ament-cmake-libraries	1.3.14-1jammy.20260226.010453	amd64
ros-humble-ament-cmake-lint-cmake	0.12.15-1jammy.20260304.195414	amd64
ros-humble-ament-cmake-pep257	0.12.15-1jammy.20260304.200058	amd64
ros-humble-ament-cmake-pytest	1.3.14-1jammy.20260226.014042	amd64
ros-humble-ament-cmake-python	1.3.14-1jammy.20260226.005145	amd64
ros-humble-ament-cmake-ros	0.10.0-3jammy.20260304.201222	amd64
ros-humble-ament-cmake-target-dependencies	1.3.14-1jammy.20260226.013622	amd64
ros-humble-ament-cmake-test	1.3.14-1jammy.20260226.013528	amd64
ros-humble-ament-cmake-uncrustify	0.12.15-1jammy.20260304.195907	amd64
ros-humble-ament-cmake-version	1.3.14-1jammy.20260226.010514	amd64
ros-humble-ament-cmake-xmllint	0.12.15-1jammy.20260304.200103	amd64
ros-humble-ament-copyright	0.12.15-1jammy.20260226.034848	amd64
ros-humble-ament-cppcheck	0.12.15-1jammy.20260226.010724	amd64
ros-humble-ament-cpplint	0.12.15-1jammy.20260304.090253	amd64
ros-humble-ament-flake8	0.12.15-1jammy.20260226.013519	amd64
ros-humble-ament-index-cpp	1.4.1-1jammy.20260304.201844	amd64
ros-humble-ament-index-python	1.4.1-1jammy.20260304.090250	amd64
ros-humble-ament-lint	0.12.15-1jammy.20260226.005140	amd64
ros-humble-ament-lint-auto	0.12.15-1jammy.20260226.014133	amd64
ros-humble-ament-lint-cmake	0.12.15-1jammy.20260304.090258	amd64
ros-humble-ament-lint-common	0.12.15-1jammy.20260304.201149	amd64
ros-humble-ament-package	0.14.2-1jammy.20260213.215617	amd64
ros-humble-ament-pep257	0.12.15-1jammy.20260226.014506	amd64
ros-humble-ament-uncrustify	0.12.15-1jammy.20260304.195710	amd64
ros-humble-ament-xmllint	0.12.15-1jammy.20260304.090301	amd64
ros-humble-angles	1.15.0-1jammy.20260304.075013	amd64
ros-humble-backward-ros	1.0.8-2jammy.20260226.010809	amd64
ros-humble-builtin-interfaces	1.2.3-1jammy.20260718.005731	amd64
ros-humble-camera-calibration-parsers	3.1.13-1jammy.20260724.031210	amd64
ros-humble-camera-info-manager	3.1.13-1jammy.20260726.110157	amd64
ros-humble-chomp-motion-planner	2.5.9-1jammy.20260804.214130	amd64
ros-humble-class-loader	2.2.0-3jammy.20260717.233651	amd64
ros-humble-common-interfaces	4.9.2-1jammy.20260718.021859	amd64
ros-humble-composition	0.20.9-1jammy.20260726.113925	amd64
ros-humble-composition-interfaces	1.2.3-1jammy.20260718.021622	amd64
ros-humble-compressed-depth-image-transport	2.5.5-1jammy.20260726.133930	amd64
ros-humble-compressed-image-transport	2.5.5-1jammy.20260726.133928	amd64
ros-humble-console-bridge-vendor	1.4.1-1jammy.20260304.202710	amd64
ros-humble-control-msgs	4.9.0-1jammy.20260718.015803	amd64
ros-humble-control-msgs-dbgsym	4.9.0-1jammy.20260718.015803	amd64
ros-humble-control-toolbox	3.7.0-1jammy.20260726.123443	amd64
ros-humble-control-toolbox-dbgsym	3.7.0-1jammy.20260726.123443	amd64
ros-humble-controller-interface	2.54.0-1jammy.20260725.070326	amd64
ros-humble-controller-interface-dbgsym	2.54.0-1jammy.20260725.070326	amd64
ros-humble-controller-manager	2.54.0-1jammy.20260804.205225	amd64
ros-humble-controller-manager-dbgsym	2.54.0-1jammy.20260804.205225	amd64
ros-humble-controller-manager-msgs	2.54.0-1jammy.20260718.010423	amd64
ros-humble-controller-manager-msgs-dbgsym	2.54.0-1jammy.20260718.010423	amd64
ros-humble-cv-bridge	3.2.1-1jammy.20260718.023548	amd64
ros-humble-demo-nodes-cpp	0.20.9-1jammy.20260726.113819	amd64
ros-humble-demo-nodes-cpp-native	0.20.9-1jammy.20260726.114521	amd64
ros-humble-demo-nodes-py	0.20.9-1jammy.20260724.024758	amd64
ros-humble-depthimage-to-laserscan	2.5.1-1jammy.20260726.115533	amd64
ros-humble-desktop	0.10.0-1jammy.20260804.223343	amd64
ros-humble-diagnostic-msgs	4.9.2-1jammy.20260718.014152	amd64
ros-humble-diagnostic-updater	4.0.7-1jammy.20260724.032411	amd64
ros-humble-domain-coordinator	0.10.0-3jammy.20260304.090332	amd64
ros-humble-dummy-map-server	0.20.9-1jammy.20260724.031347	amd64
ros-humble-dummy-robot-bringup	0.20.9-1jammy.20260804.210020	amd64
ros-humble-dummy-sensors	0.20.9-1jammy.20260724.031410	amd64
ros-humble-eigen-stl-containers	1.1.0-1jammy.20260304.090336	amd64
ros-humble-eigen3-cmake-module	0.1.1-4jammy.20260304.195907	amd64
ros-humble-example-interfaces	0.9.3-2jammy.20260718.011806	amd64
ros-humble-examples-rclcpp-minimal-action-client	0.15.5-1jammy.20260726.120959	amd64
ros-humble-examples-rclcpp-minimal-action-server	0.15.5-1jammy.20260726.121012	amd64
ros-humble-examples-rclcpp-minimal-client	0.15.5-1jammy.20260726.110233	amd64
ros-humble-examples-rclcpp-minimal-composition	0.15.5-1jammy.20260728.072237	amd64
ros-humble-examples-rclcpp-minimal-publisher	0.15.5-1jammy.20260725.070212	amd64
ros-humble-examples-rclcpp-minimal-service	0.15.5-1jammy.20260726.110437	amd64
ros-humble-examples-rclcpp-minimal-subscriber	0.15.5-1jammy.20260726.115747	amd64
ros-humble-examples-rclcpp-minimal-timer	0.15.5-1jammy.20260726.110425	amd64
ros-humble-examples-rclcpp-multithreaded-executor	0.15.5-1jammy.20260726.110340	amd64
ros-humble-examples-rclpy-executors	0.15.5-1jammy.20260724.024815	amd64
ros-humble-examples-rclpy-minimal-action-client	0.15.5-1jammy.20260724.024842	amd64
ros-humble-examples-rclpy-minimal-action-server	0.15.5-1jammy.20260724.024838	amd64
ros-humble-examples-rclpy-minimal-client	0.15.5-1jammy.20260724.024838	amd64
ros-humble-examples-rclpy-minimal-publisher	0.15.5-1jammy.20260724.025034	amd64
ros-humble-examples-rclpy-minimal-service	0.15.5-1jammy.20260724.024915	amd64
ros-humble-examples-rclpy-minimal-subscriber	0.15.5-1jammy.20260724.024923	amd64
ros-humble-fastcdr	1.0.29-1jammy.20260226.010952	amd64
ros-humble-fastrtps	2.6.12-1jammy.20260723.233918	amd64
ros-humble-fastrtps-cmake-module	2.2.4-1jammy.20260304.202011	amd64
ros-humble-filters	2.2.2-1jammy.20260726.110558	amd64
ros-humble-foonathan-memory-vendor	1.2.0-3jammy.20260304.200554	amd64
ros-humble-generate-parameter-library	0.7.5-1jammy.20260726.123214	amd64
ros-humble-generate-parameter-library-py	0.7.5-1jammy.20260725.080336	amd64
ros-humble-geometric-shapes	2.3.4-1jammy.20260726.110819	amd64
ros-humble-geometry-msgs	4.9.2-1jammy.20260718.012617	amd64
ros-humble-geometry2	0.25.22-1jammy.20260804.195606	amd64
ros-humble-gmock-vendor	1.10.9006-1jammy.20260226.011659	amd64
ros-humble-gripper-controllers	2.53.3-1jammy.20260804.211418	amd64
ros-humble-gtest-vendor	1.10.9006-1jammy.20260226.011046	amd64
ros-humble-hardware-interface	2.54.0-1jammy.20260724.031959	amd64
ros-humble-ignition-cmake2-vendor	0.0.2-2jammy.20260304.200630	amd64
ros-humble-ignition-math6-vendor	0.0.2-2jammy.20260304.200852	amd64
ros-humble-image-geometry	3.2.1-1jammy.20260718.023550	amd64
ros-humble-image-publisher	3.0.9-1jammy.20260726.122518	amd64
ros-humble-image-tools	0.20.9-1jammy.20260726.114509	amd64
ros-humble-image-transport	3.1.13-1jammy.20260726.121656	amd64
ros-humble-image-transport-plugins	2.5.5-1jammy.20260726.141602	amd64
ros-humble-interactive-markers	2.3.2-2jammy.20260804.195618	amd64
ros-humble-intra-process-demo	0.20.9-1jammy.20260724.030642	amd64
ros-humble-joint-state-broadcaster	2.53.3-1jammy.20260804.211034	amd64
ros-humble-joint-state-broadcaster-dbgsym	2.53.3-1jammy.20260804.211034	amd64
ros-humble-joint-state-publisher	2.4.0-1jammy.20260726.122104	amd64
ros-humble-joint-state-publisher-gui	2.4.0-1jammy.20260726.133911	amd64
ros-humble-joint-trajectory-controller	2.53.3-1jammy.20260804.210837	amd64
ros-humble-joy	3.3.0-1jammy.20260726.115901	amd64
ros-humble-kdl-parser	2.6.4-1jammy.20260718.021412	amd64
ros-humble-keyboard-handler	0.0.5-1jammy.20260304.202120	amd64
ros-humble-laser-geometry	2.4.1-1jammy.20260804.154922	amd64
ros-humble-launch	1.0.14-1jammy.20260304.195519	amd64
ros-humble-launch-param-builder	0.1.1-1jammy.20260724.025035	amd64
ros-humble-launch-ros	0.19.14-1jammy.20260724.025042	amd64
ros-humble-launch-testing	1.0.14-1jammy.20260304.200104	amd64
ros-humble-launch-testing-ament-cmake	1.0.14-1jammy.20260304.202633	amd64
ros-humble-launch-testing-ros	0.19.14-1jammy.20260724.025646	amd64
ros-humble-launch-xml	1.0.14-1jammy.20260304.195726	amd64
ros-humble-launch-yaml	1.0.14-1jammy.20260304.195728	amd64
ros-humble-libcurl-vendor	3.1.3-1jammy.20260304.090502	amd64
ros-humble-libstatistics-collector	1.3.4-1jammy.20260724.020507	amd64
ros-humble-libyaml-vendor	1.2.2-2jammy.20260717.233545	amd64
ros-humble-lifecycle	0.20.9-1jammy.20260726.111223	amd64
ros-humble-lifecycle-msgs	1.2.3-1jammy.20260718.005812	amd64
ros-humble-logging-demo	0.20.9-1jammy.20260726.114708	amd64
ros-humble-map-msgs	2.1.0-3jammy.20260718.015830	amd64
ros-humble-message-filters	4.3.19-1jammy.20260726.111837	amd64
ros-humble-moveit-common	2.5.9-1jammy.20260304.202206	amd64
ros-humble-moveit-configs-utils	2.5.9-1jammy.20260724.030557	amd64
ros-humble-moveit-core	2.5.9-1jammy.20260804.210148	amd64
ros-humble-moveit-kinematics	2.5.9-1jammy.20260804.220521	amd64
ros-humble-moveit-msgs	2.2.1-1jammy.20260718.020254	amd64
ros-humble-moveit-planners	2.5.9-1jammy.20260804.232312	amd64
ros-humble-moveit-planners-chomp	2.5.9-1jammy.20260804.214711	amd64
ros-humble-moveit-planners-ompl	2.5.9-1jammy.20260804.221730	amd64
ros-humble-moveit-ros-move-group	2.5.9-1jammy.20260804.221133	amd64
ros-humble-moveit-ros-occupancy-map-monitor	2.5.9-1jammy.20260804.214555	amd64
ros-humble-moveit-ros-perception	2.5.9-1jammy.20260804.221136	amd64
ros-humble-moveit-ros-planning	2.5.9-1jammy.20260804.214756	amd64
ros-humble-moveit-ros-planning-interface	2.5.9-1jammy.20260804.223930	amd64
ros-humble-moveit-ros-robot-interaction	2.5.9-1jammy.20260804.221030	amd64
ros-humble-moveit-ros-visualization	2.5.9-1jammy.20260804.224214	amd64
ros-humble-moveit-ros-warehouse	2.5.9-1jammy.20260804.221154	amd64
ros-humble-moveit-simple-controller-manager	2.5.9-1jammy.20260804.214143	amd64
ros-humble-nav-msgs	4.9.2-1jammy.20260718.014329	amd64
ros-humble-object-recognition-msgs	2.0.0-3jammy.20260718.015741	amd64
ros-humble-octomap	1.9.8-1jammy.20260226.005011	amd64
ros-humble-octomap-msgs	2.0.1-1jammy.20260718.015021	amd64
ros-humble-ompl	1.7.0-4jammy.20260226.011457	amd64
ros-humble-orocos-kdl-vendor	0.2.5-1jammy.20260304.201339	amd64
ros-humble-osrf-pycommon	2.1.6-1jammy.20260226.011505	amd64
ros-humble-parameter-traits	0.7.5-1jammy.20260726.122158	amd64
ros-humble-pcl-conversions	2.4.5-2jammy.20260726.121755	amd64
ros-humble-pcl-msgs	1.0.0-7jammy.20260718.020111	amd64
ros-humble-pendulum-control	0.20.9-1jammy.20260726.123228	amd64
ros-humble-pendulum-msgs	0.20.9-1jammy.20260718.010605	amd64
ros-humble-pilz-industrial-motion-planner	2.5.9-1jammy.20260804.230123	amd64
ros-humble-pluginlib	5.1.4-1jammy.20260717.234837	amd64
ros-humble-pybind11-vendor	2.4.2-1jammy.20260304.195023	amd64
ros-humble-python-cmake-module	0.10.0-2jammy.20260304.202554	amd64
ros-humble-python-orocos-kdl-vendor	0.2.5-1jammy.20260304.202632	amd64
ros-humble-python-qt-binding	1.1.3-1jammy.20260304.202555	amd64
ros-humble-qt-dotgraph	2.2.5-1jammy.20260330.190918	amd64
ros-humble-qt-gui	2.2.5-1jammy.20260330.190956	amd64
ros-humble-qt-gui-cpp	2.2.5-1jammy.20260718.005252	amd64
ros-humble-qt-gui-py-common	2.2.5-1jammy.20260330.190941	amd64
ros-humble-quality-of-service-demo-cpp	0.20.9-1jammy.20260726.114130	amd64
ros-humble-quality-of-service-demo-py	0.20.9-1jammy.20260724.025128	amd64
ros-humble-random-numbers	2.0.5-1jammy.20260616.085807	amd64
ros-humble-rcl	5.3.13-1jammy.20260724.003904	amd64
ros-humble-rcl-action	5.3.13-1jammy.20260724.021048	amd64
ros-humble-rcl-interfaces	1.2.3-1jammy.20260718.010613	amd64
ros-humble-rcl-lifecycle	5.3.13-1jammy.20260724.020529	amd64
ros-humble-rcl-logging-interface	2.3.2-1jammy.20260717.233548	amd64
ros-humble-rcl-logging-spdlog	2.3.2-1jammy.20260717.234845	amd64
ros-humble-rcl-yaml-param-parser	5.3.13-1jammy.20260717.234751	amd64
ros-humble-rclcpp	16.0.19-1jammy.20260724.021311	amd64
ros-humble-rclcpp-action	16.0.19-1jammy.20260726.112254	amd64
ros-humble-rclcpp-components	16.0.19-1jammy.20260726.112306	amd64
ros-humble-rclcpp-lifecycle	16.0.19-1jammy.20260724.031557	amd64
ros-humble-rclpy	3.3.21-1jammy.20260724.022150	amd64
ros-humble-rcpputils	2.4.7-1jammy.20260717.060655	amd64
ros-humble-rcutils	5.1.9-1jammy.20260716.060637	amd64
ros-humble-realtime-tools	2.15.0-1jammy.20260726.121532	amd64
ros-humble-resource-retriever	3.1.3-1jammy.20260304.202624	amd64
ros-humble-rmw	6.1.3-1jammy.20260716.100059	amd64
ros-humble-rmw-dds-common	1.6.0-2jammy.20260718.001401	amd64
ros-humble-rmw-fastrtps-cpp	6.2.10-1jammy.20260724.002510	amd64
ros-humble-rmw-fastrtps-shared-cpp	6.2.10-1jammy.20260724.000641	amd64
ros-humble-rmw-implementation	2.8.5-1jammy.20260724.003446	amd64
ros-humble-rmw-implementation-cmake	6.1.3-1jammy.20260716.060509	amd64
ros-humble-robot-state-publisher	3.0.3-2jammy.20260804.200125	amd64
ros-humble-ros-base	0.10.0-1jammy.20260804.204550	amd64
ros-humble-ros-core	0.10.0-1jammy.20260726.123022	amd64
ros-humble-ros-environment	3.2.2-1jammy.20260226.005101	amd64
ros-humble-ros-workspace	1.0.2-2jammy.20260224.185744	amd64
ros-humble-ros2action	0.18.19-1jammy.20260724.030032	amd64
ros-humble-ros2bag	0.15.16-1jammy.20260726.134553	amd64
ros-humble-ros2cli	0.18.19-1jammy.20260724.025302	amd64
ros-humble-ros2cli-common-extensions	0.1.2-1jammy.20260726.122808	amd64
ros-humble-ros2component	0.18.19-1jammy.20260726.114744	amd64
ros-humble-ros2doctor	0.18.19-1jammy.20260724.030215	amd64
ros-humble-ros2interface	0.18.19-1jammy.20260726.112728	amd64
ros-humble-ros2launch	0.19.14-1jammy.20260726.121957	amd64
ros-humble-ros2lifecycle	0.18.19-1jammy.20260724.033013	amd64
ros-humble-ros2multicast	0.18.19-1jammy.20260724.025729	amd64
ros-humble-ros2node	0.18.19-1jammy.20260724.030156	amd64
ros-humble-ros2param	0.18.19-1jammy.20260724.030538	amd64
ros-humble-ros2pkg	0.18.19-1jammy.20260726.112725	amd64
ros-humble-ros2plugin	5.1.4-1jammy.20260726.122010	amd64
ros-humble-ros2run	0.18.19-1jammy.20260726.122057	amd64
ros-humble-ros2service	0.18.19-1jammy.20260724.030235	amd64
ros-humble-ros2topic	0.18.19-1jammy.20260726.112803	amd64
ros-humble-rosbag2	0.15.16-1jammy.20260726.135454	amd64
ros-humble-rosbag2-compression	0.15.16-1jammy.20260726.130318	amd64
ros-humble-rosbag2-compression-zstd	0.15.16-1jammy.20260726.130828	amd64
ros-humble-rosbag2-cpp	0.15.16-1jammy.20260726.123559	amd64
ros-humble-rosbag2-interfaces	0.15.16-1jammy.20260718.010834	amd64
ros-humble-rosbag2-py	0.15.16-1jammy.20260726.134021	amd64
ros-humble-rosbag2-storage	0.15.16-1jammy.20260726.122141	amd64
ros-humble-rosbag2-storage-default-plugins	0.15.16-1jammy.20260726.122936	amd64
ros-humble-rosbag2-transport	0.15.16-1jammy.20260726.131107	amd64
ros-humble-rosgraph-msgs	1.2.3-1jammy.20260718.011206	amd64
ros-humble-rosidl-adapter	3.1.9-1jammy.20260605.103907	amd64
ros-humble-rosidl-cli	3.1.9-1jammy.20260605.103654	amd64
ros-humble-rosidl-cmake	3.1.9-1jammy.20260605.104545	amd64
ros-humble-rosidl-default-generators	1.2.1-1jammy.20260718.000113	amd64
ros-humble-rosidl-default-runtime	1.2.1-1jammy.20260718.000013	amd64
ros-humble-rosidl-generator-c	3.1.9-1jammy.20260716.100325	amd64
ros-humble-rosidl-generator-cpp	3.1.9-1jammy.20260717.233559	amd64
ros-humble-rosidl-generator-py	0.14.6-1jammy.20260717.235155	amd64
ros-humble-rosidl-generator-rs	0.4.12-1jammy.20260717.234619	amd64
ros-humble-rosidl-parser	3.1.9-1jammy.20260605.104513	amd64
ros-humble-rosidl-runtime-c	3.1.9-1jammy.20260716.095316	amd64
ros-humble-rosidl-runtime-cpp	3.1.9-1jammy.20260717.060829	amd64
ros-humble-rosidl-runtime-py	0.9.3-1jammy.20260718.012837	amd64
ros-humble-rosidl-typesupport-c	2.0.2-1jammy.20260717.233513	amd64
ros-humble-rosidl-typesupport-cpp	2.0.2-1jammy.20260717.234335	amd64
ros-humble-rosidl-typesupport-fastrtps-c	2.2.4-1jammy.20260717.234832	amd64
ros-humble-rosidl-typesupport-fastrtps-cpp	2.2.4-1jammy.20260717.234411	amd64
ros-humble-rosidl-typesupport-interface	3.1.9-1jammy.20260605.103839	amd64
ros-humble-rosidl-typesupport-introspection-c	3.1.9-1jammy.20260716.100023	amd64
ros-humble-rosidl-typesupport-introspection-cpp	3.1.9-1jammy.20260717.233854	amd64
ros-humble-rpyutils	0.2.2-1jammy.20260304.195455	amd64
ros-humble-rqt-action	2.0.1-3jammy.20260724.030551	amd64
ros-humble-rqt-bag	1.1.6-1jammy.20260726.141545	amd64
ros-humble-rqt-bag-plugins	1.1.6-1jammy.20260726.141809	amd64
ros-humble-rqt-common-plugins	1.2.0-1jammy.20260726.141857	amd64
ros-humble-rqt-console	2.0.3-1jammy.20260724.030104	amd64
ros-humble-rqt-graph	1.3.2-1jammy.20260724.030329	amd64
ros-humble-rqt-gui	1.1.9-1jammy.20260724.025250	amd64
ros-humble-rqt-gui-cpp	1.1.9-1jammy.20260726.112827	amd64
ros-humble-rqt-gui-py	1.1.9-1jammy.20260724.025620	amd64
ros-humble-rqt-image-view	1.2.0-2jammy.20260726.123237	amd64
ros-humble-rqt-msg	1.2.1-1jammy.20260724.030243	amd64
ros-humble-rqt-plot	1.1.5-1jammy.20260724.030150	amd64
ros-humble-rqt-publisher	1.5.0-1jammy.20260726.112838	amd64
ros-humble-rqt-py-common	1.1.9-1jammy.20260724.025246	amd64
ros-humble-rqt-py-console	1.0.2-3jammy.20260724.030235	amd64
ros-humble-rqt-reconfigure	1.1.4-1jammy.20260724.030142	amd64
ros-humble-rqt-service-caller	1.0.5-3jammy.20260724.030641	amd64
ros-humble-rqt-shell	1.0.2-3jammy.20260724.030617	amd64
ros-humble-rqt-srv	1.0.3-3jammy.20260724.030559	amd64
ros-humble-rqt-topic	1.5.1-1jammy.20260724.030408	amd64
ros-humble-rsl	1.3.0-1jammy.20260726.112855	amd64
ros-humble-rttest	0.13.0-2jammy.20260304.202749	amd64
ros-humble-ruckig	0.9.2-1jammy.20260226.012139	amd64
ros-humble-rviz-assimp-vendor	11.2.28-1jammy.20260714.150848	amd64
ros-humble-rviz-common	11.2.28-1jammy.20260804.200122	amd64
ros-humble-rviz-default-plugins	11.2.28-1jammy.20260804.212519	amd64
ros-humble-rviz-ogre-vendor	11.2.28-1jammy.20260714.150851	amd64
ros-humble-rviz-rendering	11.2.28-1jammy.20260715.012257	amd64
ros-humble-rviz2	11.2.28-1jammy.20260804.222726	amd64
ros-humble-sdl2-vendor	3.3.0-1jammy.20260304.195240	amd64
ros-humble-sensor-msgs	4.9.2-1jammy.20260718.014433	amd64
ros-humble-sensor-msgs-py	4.9.2-1jammy.20260718.023551	amd64
ros-humble-shape-msgs	4.9.2-1jammy.20260718.015101	amd64
ros-humble-shared-queues-vendor	0.15.16-1jammy.20260304.075306	amd64
ros-humble-spdlog-vendor	1.3.1-1jammy.20260304.202915	amd64
ros-humble-sqlite3-vendor	0.15.16-1jammy.20260304.195038	amd64
ros-humble-srdfdom	2.0.7-1jammy.20260724.025641	amd64
ros-humble-sros2	0.10.9-1jammy.20260724.030847	amd64
ros-humble-sros2-cmake	0.10.9-1jammy.20260724.031139	amd64
ros-humble-statistics-msgs	1.2.3-1jammy.20260718.011154	amd64
ros-humble-std-msgs	4.9.2-1jammy.20260718.010840	amd64
ros-humble-std-srvs	4.9.2-1jammy.20260718.011109	amd64
ros-humble-stereo-msgs	4.9.2-1jammy.20260718.020132	amd64
ros-humble-tango-icons-vendor	0.1.1-3jammy.20260304.202920	amd64
ros-humble-tcb-span	1.3.2-1jammy.20260611.075323	amd64
ros-humble-teleop-twist-joy	2.4.8-1jammy.20260726.121144	amd64
ros-humble-teleop-twist-keyboard	2.4.1-1jammy.20260724.025324	amd64
ros-humble-tf2	0.25.22-1jammy.20260804.152304	amd64
ros-humble-tf2-bullet	0.25.22-1jammy.20260804.194912	amd64
ros-humble-tf2-eigen	0.25.22-1jammy.20260804.194912	amd64
ros-humble-tf2-eigen-kdl	0.25.22-1jammy.20260804.161619	amd64
ros-humble-tf2-geometry-msgs	0.25.22-1jammy.20260804.194827	amd64
ros-humble-tf2-kdl	0.25.22-1jammy.20260804.194856	amd64
ros-humble-tf2-msgs	0.25.22-1jammy.20260729.042019	amd64
ros-humble-tf2-py	0.25.22-1jammy.20260804.155238	amd64
ros-humble-tf2-ros	0.25.22-1jammy.20260804.155840	amd64
ros-humble-tf2-ros-py	0.25.22-1jammy.20260804.161624	amd64
ros-humble-tf2-sensor-msgs	0.25.22-1jammy.20260804.194831	amd64
ros-humble-tf2-tools	0.25.22-1jammy.20260804.195304	amd64
ros-humble-theora-image-transport	2.5.5-1jammy.20260726.133929	amd64
ros-humble-tinyxml-vendor	0.8.3-2jammy.20260304.195406	amd64
ros-humble-tinyxml2-vendor	0.7.7-1jammy.20260304.195411	amd64
ros-humble-tl-expected	1.3.2-1jammy.20260611.075453	amd64
ros-humble-tlsf	0.7.0-2jammy.20260304.202930	amd64
ros-humble-tlsf-cpp	0.13.0-2jammy.20260726.113040	amd64
ros-humble-topic-monitor	0.20.9-1jammy.20260724.025328	amd64
ros-humble-topic-tools	1.1.2-1jammy.20260726.114953	amd64
ros-humble-topic-tools-interfaces	1.1.2-1jammy.20260718.010849	amd64
ros-humble-tracetools	4.1.2-1jammy.20260304.201640	amd64
ros-humble-trajectory-msgs	4.9.2-1jammy.20260718.015114	amd64
ros-humble-turtlesim	1.4.3-1jammy.20260726.121530	amd64
ros-humble-uncrustify-vendor	2.0.2-2jammy.20260304.195304	amd64
ros-humble-unique-identifier-msgs	2.2.1-3jammy.20260718.011116	amd64
ros-humble-urdf	2.6.1-1jammy.20260718.005320	amd64
ros-humble-urdf-parser-plugin	2.6.1-1jammy.20260304.201738	amd64
ros-humble-urdfdom	3.0.2-2jammy.20260304.202852	amd64
ros-humble-urdfdom-headers	1.0.6-2jammy.20260226.012553	amd64
ros-humble-urdfdom-py	1.2.1-1jammy.20260724.025521	amd64
ros-humble-visualization-msgs	4.9.2-1jammy.20260718.020205	amd64
ros-humble-warehouse-ros	2.0.7-1jammy.20260804.200619	amd64
ros-humble-xacro	2.1.1-1jammy.20260304.195513	amd64
ros-humble-yaml-cpp-vendor	8.0.2-1jammy.20260304.195332	amd64
ros-humble-zstd-vendor	0.15.16-1jammy.20260304.195400	amd64
ros2-apt-source	1.2.0~jammy	all
rpcbind	1.2.6-2build1	amd64
rpcsvc-proto	1.4.2-0ubuntu6	amd64
rsync	3.2.7-0ubuntu0.22.04.7	amd64
rsyslog	8.2112.0-2ubuntu2.4	amd64
rtkit	0.13-4build2	amd64
rygel	0.40.3-1ubuntu2	amd64
samba-libs	2:4.15.13+dfsg-0ubuntu1.13	amd64
sane-airscan	0.99.27-1build1	amd64
sane-utils	1.1.1-5	amd64
sbsigntool	0.9.4-2ubuntu2	amd64
sdkmanager	2.4.1-13536	amd64
seahorse	41.0-2	amd64
secureboot-db	1.8	amd64
sed	4.8-1ubuntu2.1	amd64
sensible-utils	0.0.17	all
session-migration	0.3.6	amd64
sgml-base	1.30	all
sgml-data	2.0.11+nmu1	all
shared-mime-info	2.1-2	amd64
shiboken2	5.15.2-2build2	amd64
shim-signed	1.51.4+15.8-0ubuntu1	amd64
shotwell	0.30.14-1ubuntu6	amd64
shotwell-common	0.30.14-1ubuntu6	all
simple-scan	42.0-1	amd64
sip-dev	4.19.25+dfsg-3build1	amd64
snapd	2.76.3+ubuntu22.04	amd64
software-properties-common	0.99.22.9	all
software-properties-gtk	0.99.22.9	all
sound-icons	0.1-8	all
sound-theme-freedesktop	0.8-2ubuntu1	all
sox	14.4.2+git20190427-2+deb11u2ubuntu0.22.04.1	amd64
speech-dispatcher	0.11.1-1ubuntu3	amd64
speech-dispatcher-audio-plugins	0.11.1-1ubuntu3	amd64
speech-dispatcher-espeak-ng	0.11.1-1ubuntu3	amd64
spice-vdagent	0.22.1-1ubuntu0.1	amd64
squashfs-tools	1:4.5-3build1	amd64
ssh-import-id	5.11-0ubuntu1	all
sshpass	1.09-1	amd64
ssl-cert	1.1.2	all
strace	5.16-0ubuntu3	amd64
subversion	1.14.1-3ubuntu0.22.04.1	amd64
sudo	1.9.9-1ubuntu2.6	amd64
switcheroo-control	2.4-3build2	amd64
system-config-printer	1.5.16-0ubuntu3	all
system-config-printer-common	1.5.16-0ubuntu3	all
system-config-printer-udev	1.5.16-0ubuntu3	amd64
systemd	249.11-0ubuntu3.22	amd64
systemd-hwe-hwdb	249.11.6	all
systemd-oomd	249.11-0ubuntu3.22	amd64
systemd-sysv	249.11-0ubuntu3.22	amd64
systemd-timesyncd	249.11-0ubuntu3.22	amd64
sysvinit-utils	3.01-1ubuntu1	amd64
tango-icon-theme	0.8.90-8	all
tar	1.34+dfsg-1ubuntu0.1.22.04.6	amd64
tcl	8.6.11+1build2	amd64
tcl-dev	8.6.11+1build2	amd64
tcl8.6	8.6.12+dfsg-1build1	amd64
tcl8.6-dev	8.6.12+dfsg-1build1	amd64
tcpdump	4.99.1-3ubuntu0.2	amd64
telnet	0.17-44build1	amd64
thermald	2.4.9-1ubuntu0.4	amd64
thunderbird	1:140.7.1+build1-0ubuntu0.22.04.1	amd64
thunderbird-gnome-support	1:140.7.1+build1-0ubuntu0.22.04.1	amd64
thunderbird-locale-en	1:140.7.1+build1-0ubuntu0.22.04.1	amd64
thunderbird-locale-en-us	1:140.7.1+build1-0ubuntu0.22.04.1	all
thunderbird-locale-zh-cn	1:140.7.1+build1-0ubuntu0.22.04.1	all
thunderbird-locale-zh-hans	1:140.7.1+build1-0ubuntu0.22.04.1	amd64
time	1.9-0.1build2	amd64
tk	8.6.11+1build2	amd64
tk-dev	8.6.11+1build2	amd64
tk8.6	8.6.12-1build1	amd64
tk8.6-blt2.5	2.5.3+dfsg-4.1build2	amd64
tk8.6-dev	8.6.12-1build1	amd64
tnftp	20210827-4build1	amd64
totem	42.0-1ubuntu1	amd64
totem-common	42.0-1ubuntu1	all
totem-plugins	42.0-1ubuntu1	amd64
tpm-udev	0.6	all
tracker	3.3.0-1	amd64
tracker-extract	3.3.3-0ubuntu0.20.04.4	amd64
tracker-miner-fs	3.3.3-0ubuntu0.20.04.4	amd64
transmission-common	3.00-2ubuntu2.2	all
transmission-gtk	3.00-2ubuntu2.2	amd64
tree	2.0.2-1	amd64
tzdata	2026c-0ubuntu0.22.04.1	all
ubuntu-advantage-desktop-daemon	1.10.ubuntu0.22.04.2	amd64
ubuntu-advantage-tools	37.2ubuntu~22.04.1	all
ubuntu-desktop	1.481.5	amd64
ubuntu-desktop-minimal	1.481.5	amd64
ubuntu-docs	22.04.5	all
ubuntu-drivers-common	1:0.9.6.2~0.22.04.11	amd64
ubuntu-keyring	2021.03.26	all
ubuntu-minimal	1.481.5	amd64
ubuntu-mono	20.10-0ubuntu2	all
ubuntu-pro-client	37.2ubuntu~22.04.1	amd64
ubuntu-pro-client-l10n	37.2ubuntu~22.04.1	amd64
ubuntu-release-upgrader-core	1:22.04.21	all
ubuntu-release-upgrader-gtk	1:22.04.21	all
ubuntu-report	1.7.1ubuntu0.1	amd64
ubuntu-session	42.0-1ubuntu2	all
ubuntu-settings	22.04.6	all
ubuntu-standard	1.481.5	amd64
ubuntu-wallpapers	22.04.4-0ubuntu1	all
ubuntu-wallpapers-jammy	22.04.4-0ubuntu1	all
ucf	3.0043	all
udev	249.11-0ubuntu3.22	amd64
udisks2	2.9.4-1ubuntu2.3	amd64
ufw	0.36.1-4ubuntu0.1	all
unattended-upgrades	2.8ubuntu1	all
uncrustify	0.72.0+dfsg1-2	amd64
unicode-data	14.0.0-1.1	all
unixodbc-common	2.3.9-5ubuntu0.1	all
unixodbc-dev	2.3.9-5ubuntu0.1	amd64
uno-libs-private	1:7.3.7-0ubuntu0.22.04.12	amd64
unzip	6.0-26ubuntu3.2	amd64
update-inetd	4.51	all
update-manager	1:22.04.22	all
update-manager-core	1:22.04.22	all
update-notifier	3.192.54.8	amd64
update-notifier-common	3.192.54.8	all
upower	0.99.17-1	amd64
ure	1:7.3.7-0ubuntu0.22.04.12	amd64
usb-creator-common	0.3.13	all
usb-creator-gtk	0.3.13	all
usb-modeswitch	2.6.1-3ubuntu2	amd64
usb-modeswitch-data	20191128-4	all
usb.ids	2022.04.02-1	all
usbmuxd	1.1.1-2ubuntu0.1	amd64
usbutils	1:014-1build1	amd64
usrmerge	25ubuntu2	all
util-linux	2.37.2-4ubuntu3.6	amd64
uuid-dev	2.37.2-4ubuntu3.6	amd64
uuid-runtime	2.37.2-4ubuntu3.6	amd64
va-driver-all	2.14.0-1	amd64
vdpau-driver-all	1.4-3build2	amd64
vim	2:8.2.3995-1ubuntu2.36	amd64
vim-common	2:8.2.3995-1ubuntu2.36	all
vim-runtime	2:8.2.3995-1ubuntu2.36	all
vim-tiny	2:8.2.3995-1ubuntu2.36	amd64
vtk9	9.1.0+really9.1.0+dfsg2-3build1	amd64
wamerican	2020.12.07-2	all
wayland-protocols	1.25-1	all
wbritish	2020.12.07-2	all
wget	1.21.2-2ubuntu1.5	amd64
whiptail	0.52.21-5ubuntu2	amd64
whois	5.5.13	amd64
whoopsie	0.2.77	amd64
whoopsie-preferences	23	amd64
wireless-regdb	2026.02.04-0ubuntu1~22.04.1	all
wireless-tools	30~pre9-13.1ubuntu4	amd64
wpasupplicant	2:2.10-6ubuntu2.4	amd64
x11-apps	7.7+8build2	amd64
x11-common	1:7.7+23ubuntu2	all
x11-session-utils	7.7+4build2	amd64
x11-utils	7.7+5build2	amd64
x11-xkb-utils	7.7+5build4	amd64
x11-xserver-utils	7.7+9build1	amd64
x11proto-dev	2021.5-1	all
x11vnc	0.9.16-8	amd64
xauth	1:1.1-1build2	amd64
xbitmaps	1.1.1-2.1ubuntu1	all
xbrlapi	6.4-4ubuntu3	amd64
xcursor-themes	1.0.6-0ubuntu1	all
xcvt	0.1.1-3	amd64
xdg-dbus-proxy	0.1.3-1ubuntu0.1	amd64
xdg-desktop-portal	1.14.4-1ubuntu2~22.04.2	amd64
xdg-desktop-portal-gnome	42.1-0ubuntu2	amd64
xdg-desktop-portal-gtk	1.14.0-1build1	amd64
xdg-user-dirs	0.17-2ubuntu4	amd64
xdg-user-dirs-gtk	0.10-3build2	amd64
xdg-utils	1.1.3-4.1ubuntu3~22.04.1	all
xfonts-base	1:1.0.5	all
xfonts-encodings	1:1.0.5-0ubuntu2	all
xfonts-scalable	1:1.0.3-1.2ubuntu1	all
xfonts-utils	1:7.7+6build2	amd64
xinit	1.4.1-0ubuntu4	amd64
xinput	1.6.3-1build2	amd64
xkb-data	2.33-1	all
xml-core	0.18+nmu1	all
xmlstarlet	1.6.1-2.1	amd64
xorg	1:7.7+23ubuntu2	amd64
xorg-docs-core	1:1.7.1-1.2	all
xorg-sgml-doctools	1:1.11-1.1	all
xserver-common	2:21.1.4-2ubuntu1.7~22.04.16	all
xserver-xephyr	2:21.1.4-2ubuntu1.7~22.04.16	amd64
xserver-xorg	1:7.7+23ubuntu2	amd64
xserver-xorg-core	2:21.1.4-2ubuntu1.7~22.04.16	amd64
xserver-xorg-input-all	1:7.7+23ubuntu2	amd64
xserver-xorg-input-libinput	1.2.1-1	amd64
xserver-xorg-input-wacom	1:1.0.0-3ubuntu1	amd64
xserver-xorg-legacy	2:21.1.4-2ubuntu1.7~22.04.16	amd64
xserver-xorg-video-all	1:7.7+23ubuntu2	amd64
xserver-xorg-video-amdgpu	22.0.0-1ubuntu0.2	amd64
xserver-xorg-video-ati	1:19.1.0-2ubuntu1	amd64
xserver-xorg-video-fbdev	1:0.5.0-2build1	amd64
xserver-xorg-video-intel	2:2.99.917+git20210115-1	amd64
xserver-xorg-video-nouveau	1:1.0.17-2build1	amd64
xserver-xorg-video-qxl	0.1.5+git20200331-3	amd64
xserver-xorg-video-radeon	1:19.1.0-2ubuntu1	amd64
xserver-xorg-video-vesa	1:2.5.0-1build4	amd64
xserver-xorg-video-vmware	1:13.3.0-3build1	amd64
xtrans-dev	1.4.0-1	all
xwayland	2:22.1.1-1ubuntu0.20	amd64
xxd	2:8.2.3995-1ubuntu2.36	amd64
xz-utils	5.2.5-2ubuntu1.1	amd64
yaru-theme-gnome-shell	22.04.5	all
yaru-theme-gtk	22.04.5	all
yaru-theme-icon	22.04.5	all
yaru-theme-sound	22.04.5	all
yelp	42.1-1ubuntu0.2	amd64
yelp-xsl	42.0-1ubuntu0.1	all
zenity	3.42.1-0ubuntu1	amd64
zenity-common	3.42.1-0ubuntu1	all
zip	3.0-12build2	amd64
zlib1g	1:1.2.11.dfsg-2ubuntu9.2	amd64
zlib1g-dev	1:1.2.11.dfsg-2ubuntu9.2	amd64
zstd	1.4.8+dfsg-3build1	amd64
